X;Y;Z
-67;38;3
-56;-79;88
176;-27;-62
90;20;-22
-35;-35;42
-579;-487;-538
542;471;517
-24;102;-20
-119;-57;5
-7;-55;1
82;94;-19
-221;-38;76
179;-11;-27
-11;39;-29
32;13;-10
-25;1;4
-1;13;-14
6;-13;16
6;15;-4
-1;1;-5
-2;-4;-2
-3;12;-6
-37;-9;31
48;4;-44
40;-104;150
-72;68;-122
-28;-17;25
0;49;-39
10;14;-12
-40;-78;41
-1;35;-35
38;-43;37
25;51;-27
-72;-1;25
22;28;-52
13;-70;41
-48;54;-31
42;-35;49
-16;23;-38
18;-52;26
5;24;-36
30;18;27
-62;-20;3
-19;13;-5
4;11;-8
16;-27;-1
3;25;-9
-44;-132;55
-24;-12;3
-4;51;-4
-23;31;-46
25;-30;63
19;36;-70
-49;-112;63
70;196;-58
-26;-35;-11
100;90;-10
-48;-73;31
13;20;-21
43;12;-4
-17;-34;7
-8;-12;6
1;-1;0
0;6;-9
1;12;4
-51;-33;32
-11;-82;43
34;-13;-12
85;213;-114
-93;-192;113
37;106;-54
-3;-16;-37
-70;-49;40
34;74;-52
55;-1;-13
-39;-20;47
-24;-10;3
-1;-11;9
3;-3;-9
11;3;1
-32;12;4
22;0;-1
7;-10;-4
-21;-8;4
-64;20;7
96;11;-9
-59;-24;8
13;30;-40
12;-66;27
28;62;-26
-6;-69;48
-79;-42;43
43;13;-68
4;3;-5
-5;48;-2
13;20;-11
-28;10;30
4;-62;16
22;32;-35
-18;-39;14
31;12;-16
-4;16;0
-15;10;-11
-19;-26;34
26;20;-22
10;0;-11
-16;-20;21
-4;8;-8
-2;-1;5
-18;4;-3
19;-1;0
-18;-4;-4
20;22;0
-5;1;4
15;9;-4
26;5;-12
-28;-76;31
-33;95;-17
26;-54;-2
-46;-6;3
39;11;7
-3;-2;-8
-10;-2;-3
11;2;-3
-12;-8;7
2;7;0
5;-1;-2
-8;-7;-5
3;8;5
9;-1;-5
-12;-10;6
0;9;-3
10;1;-4
-15;-12;3
8;11;-1
6;-2;0
-13;-8;0
7;9;-2
5;-4;0
-13;-5;0
6;9;-4
0;-9;3
-10;-1;2
11;11;-6
-6;-14;3
-4;10;1
14;-1;-6
-14;-6;4
13;6;-4
-11;-5;2
4;-8;1
-1;1;-2
2;11;-7
0;-2;3
-3;-5;1
0;-1;1
-1;1;-1
-1;-4;0
0;1;-1
2;7;-4
-1;-6;3
-4;2;-1
-2;-4;4
3;5;-3
0;-1;-2
-4;0;2
0;-4;-1
5;5;-1
-9;-6;-1
6;-1;1
-3;3;1
5;-1;-2
-12;-5;2
13;12;-1
-14;-10;-3
5;-1;1
6;7;0
-7;-10;1
3;4;-1
-4;3;-1
6;-1;0
-11;-6;1
11;11;-6
-13;-11;0
6;3;3
4;7;-3
-5;-6;-1
1;-4;-3
-33;-14;47
-12;-42;92
-7;1;-195
32;134;66
34;47;-16
-11;-129;25
18;47;-25
-4;-60;2
-5;125;2
22;-103;3
61;58;-54
-48;108;52
29;-149;0
11;2;43
-25;6;-47
-6;6;-4
-21;8;11
44;-59;-4
-17;89;-12
6;-79;-1
19;33;3
-25;-25;-31
12;60;-3
42;-29;44
4;-14;-11
-23;21;-16
29;-4;9
-9;-4;8
17;10;-14
-1;-35;7
-50;-20;69
81;42;-106
18;2;-10
-52;-40;-42
37;66;68
9;-30;-16
-38;-8;44
60;10;-22
-69;-63;-38
50;26;-3
19;-10;15
-54;-7;-33
89;58;66
-45;-68;-57
-25;-15;-15
30;1;36
9;-8;-32
10;-18;6
7;38;-12
14;-45;41
54;17;17
-107;-36;-79
92;81;77
-148;-152;-90
106;65;36
-61;-47;25
36;99;-29
11;-72;17
11;11;-23
-39;-9;22
-4;9;-9
4;-18;6
5;26;0
-3;-23;-7
3;2;4
-2;15;3
5;14;2
-8;2;6
-2;-8;-7
4;0;-5
3;5;2
6;54;4
-37;-12;9
30;0;12
1;-26;-13
-53;-72;-14
24;101;14
26;13;-1
-90;-203;-45
107;182;11
-22;19;28
-23;-24;9
-35;-55;-32
91;62;17
1;4;0
-78;-55;7
31;40;5
35;16;-6
100;-73;48
-232;-164;-80
159;272;55
-58;-56;-5
-56;-96;-17
59;153;18
-14;-79;-26
19;41;9
-25;-17;-5
24;12;1
-12;-36;-6
-40;39;-72
36;-8;73
5;-13;1
-13;6;-3
10;-6;3
-4;0;0
11;4;1
-4;-1;-2
1;-8;2
-10;6;-3
10;0;1
0;-2;-3
-3;0;5
-7;7;-6
9;-11;3
2;-3;18
-4;-4;3
-5;5;-12
4;0;-9
-6;6;-1
7;-8;-3
-1;4;-1
-4;-1;2
4;-2;-5
-6;5;-1
8;-6;1
-8;5;0
1;-3;1
2;11;-27
-2;-13;-26
-3;-3;22
30;-16;49
30;24;-20
-37;5;-2
-19;8;26
11;-27;-9
2;-7;-11
-9;-11;-8
-22;39;206
-11;-16;-225
-56;-126;1
150;171;-17
-64;-30;48
-84;16;-13
57;146;74
2;-20;-21
63;1;-88
-117;-53;106
-86;3;12
4;-11;-26
26;41;0
13;-39;18
-88;56;-20
55;-68;49
59;-23;-28
-67;127;-16
18;-107;16
-1;35;7
37;-26;33
-29;9;-39
-20;19;-29
2;-35;-41
36;-21;40
-53;62;50
-18;-22;5
-11;31;15
-31;-7;7
-13;20;-7
-10;-63;9
10;8;-13
52;-78;-27
19;25;-59
-12;16;7
5;11;1
-9;-11;10
-6;-2;-4
13;-8;-3
-3;11;-4
-11;18;13
14;9;-1
-20;-21;-6
18;-23;-8
-2;26;-7
-19;6;18
17;0;-4
-13;-6;-10
-25;-5;1
41;-19;20
-2;13;-6
-21;-24;-36
31;-4;1
-40;16;34
18;14;-15
8;-4;6
-14;-7;0
-2;2;3
19;10;-4
-24;2;0
12;-10;4
8;2;-12
2;-9;10
-20;13;-9
21;-1;12
-2;-2;-17
-11;-8;8
12;-3;1
-1;11;-25
-3;8;84
9;67;-37
-17;-90;0
1;11;-25
56;-9;-5
-58;29;27
4;-37;-21
20;21;20
69;-30;32
-102;21;-51
-3;18;-47
-27;80;-26
12;-20;51
72;36;-30
-34;-3;13
4;22;-12
89;-20;54
-152;-220;-26
129;149;102
-27;-34;-87
-50;5;-26
-14;6;-85
-9;-49;39
63;156;53
-9;-102;25
4;-15;-15
-6;-3;5
3;2;-5
0;-4;4
-7;1;-3
6;2;2
5;9;-7
19;-16;42
-10;47;5
-39;28;-48
50;-30;1
-39;-98;12
-52;-13;-3
45;75;-18
32;48;13
-9;-41;12
1;-60;-13
60;160;17
-93;-148;-25
31;39;-23
-28;-8;18
21;10;35
-5;-5;-21
16;-5;-3
-8;1;0
8;-2;1
-6;14;-5
10;0;-2
-25;11;-14
20;-42;47
26;69;-14
-88;10;-60
39;-49;24
-62;-2;-17
58;-18;23
17;24;-7
16;20;15
11;-42;14
-23;-19;-21
1;29;10
10;2;-8
0;-14;6
-8;3;-7
10;4;4
-6;-6;-4
-1;2;5
20;21;-41
-11;-27;27
-11;5;5
3;-3;6
-7;9;0
20;-5;-4
-25;0;6
22;13;-7
-9;2;-9
5;-29;15
11;4;-9
-6;-13;7
8;4;3
24;27;-21
9;-21;-5
-4;-24;-6
5;13;4
21;-8;8
-11;-1;-7
10;-8;-9
3;-3;1
4;-12;-9
7;-6;5
-1;-8;-12
4;10;11
18;-9;-7
47;-21;-26
-37;-33;20
234;197;274
-235;-180;-285
-39;-54;-7
44;22;-11
-12;-1;-7
-1;-8;23
21;17;0
-36;-34;-17
22;22;5
-20;-11;1
9;-3;2
2;-6;0
-29;-52;9
14;17;-42
20;-15;13
62;-49;110
-62;-87;27
-206;153;-235
25;11;-36
322;5;349
-185;-17;-192
23;154;27
-22;-147;-48
9;-81;32
16;65;-38
-32;17;27
11;-6;-28
29;28;-16
4;28;10
-29;-8;14
7;74;4
7;-100;10
-16;-36;-14
6;35;12
7;5;-6
5;-14;-9
-4;-4;9
-21;11;3
-4;-1;-5
15;-8;1
20;-8;-7
-9;2;2
-11;9;8
1;-4;-10
11;-7;-1
-15;5;3
3;6;3
24;-22;-18
5;11;6
-29;13;6
-13;4;12
13;-12;-15
4;-3;1
13;-6;-5
-1;53;21
11;3;-21
-26;-33;4
16;17;1
-23;8;14
-13;-16;-7
7;9;0
-7;17;0
32;-45;-15
4;19;8
-8;58;11
-23;-32;1
11;-11;-9
15;-34;0
-9;26;-2
-11;41;15
6;-35;-4
2;-13;-8
9;45;4
-16;17;5
-3;-29;3
11;-21;-9
1;38;-4
-14;21;10
-2;-37;6
-6;-23;-16
-17;16;11
-8;9;2
27;16;-4
-57;-131;-43
228;166;52
-210;-88;-3
69;38;24
46;-70;-51
-182;-65;-23
190;225;72
-35;-86;-62
-69;-42;37
21;84;111
5;-46;-126
19;-21;-8
37;62;7
-73;-33;13
42;20;-26
-30;-10;18
37;13;-30
-53;-33;44
-32;-63;6
1;96;-14
36;-2;2
-34;-31;-12
15;-1;17
21;21;-19
1;24;-4
120;14;-63
-47;22;73
-106;-14;6
-18;22;26
-9;4;41
-15;15;-1
-15;-31;18
-9;1;15
-9;17;-38
-16;16;6
4;2;-6
-3;53;-26
14;-35;30
-56;25;-4
-70;-17;-53
106;33;94
-40;-110;-100
131;-56;-45
-20;2;-17
-21;-15;8
-61;-25;75
-47;126;88
-40;50;13
-3;-4;13
30;-67;-86
0;-17;-3
27;3;-15
-14;1;1
81;-6;-29
-73;-9;22
2;18;13
5;7;-14
1;-14;-3
6;-4;4
-14;7;1
21;-11;-9
-14;-13;22
-25;24;9
7;2;-2
22;-1;-32
-11;22;22
10;-39;-19
36;15;-21
-27;7;37
-42;52;42
48;-87;-120
145;-66;-155
20;-29;-111
124;-113;140
-378;236;185
-9;67;306
264;-260;-489
-259;198;200
13;209;113
-2;-172;-27
116;-112;-150
-42;56;60
-8;9;-17
-8;-12;-2
-1;-2;11
4;9;-7
-5;15;-1
15;-10;2
-10;-35;-2
-22;40;13
29;18;-13
7;5;11
-14;-32;-7
4;-14;-9
8;6;1
-1;20;12
5;22;-8
8;-22;-3
-22;-7;-5
29;27;15
-11;-6;-19
-13;-33;4
2;15;-1
10;0;1
-45;44;18
44;-49;-5
-28;26;-19
25;-30;13
-10;-16;9
-14;34;-22
46;-43;-13
-70;22;80
57;-25;-72
-48;18;12
41;16;0
-36;20;-1
12;-7;0
-18;-10;-3
17;-11;2
-18;5;1
22;-3;1
-35;1;-6
38;31;1
-2;-36;7
-13;-3;5
13;8;-33
-3;-5;22
-9;1;1
4;0;-2
-3;1;-1
-10;1;2
11;-2;-5
1;-7;-3
-8;-7;-2
9;0;3
-7;16;1
-1;4;13
3;-9;-7
-6;3;0
89;-94;25
-64;86;-20
-8;-6;6
-6;8;-10
-8;-14;-21
-8;15;2
18;12;0
-18;-24;0
36;20;16
3;10;-35
8;-9;16
0;-20;4
-63;-49;8
61;44;-34
35;38;51
-28;-23;-11
-33;-1;-54
-5;2;0
1;-18;7
60;-2;59
-70;-99;-86
45;132;82
64;-92;-17
-23;79;8
-6;16;-14
36;-16;22
-98;-147;-40
-3;119;-122
132;-56;184
-5;55;-120
4;-52;29
-10;-21;0
12;-21;-10
31;63;6
-32;-24;21
-6;-59;-16
32;26;-11
-7;7;5
-35;-8;0
43;37;-4
-24;-54;-3
-16;5;15
10;16;-18
7;-14;-2
4;-4;14
11;37;-6
-19;-31;-9
3;-3;8
0;12;-8
13;-1;-3
-4;29;-3
-29;-21;-7
17;-8;16
-5;10;2
-7;-10;0
-20;1;6
21;0;-9
22;7;11
21;6;-7
-17;2;-9
-23;7;6
-15;-12;-1
16;7;0
13;-1;-3
-27;9;15
-34;-22;-4
48;36;7
2;-26;-11
46;20;-2
-41;-16;-4
-4;14;8
10;8;-9
-6;-10;7
-23;1;10
-11;-12;-3
12;25;-2
12;2;-2
-9;-2;0
-10;-6;-5
-4;6;13
9;-1;-1
-5;13;-4
-5;-6;4
-9;8;-7
2;-4;10
-5;11;-7
1;-9;17
-19;-11;-25
-41;-48;8
-19;-1;-2
52;50;4
66;34;-9
26;-3;2
-21;-48;-18
-92;-20;21
97;172;-631
-91;-165;508
54;-48;105
11;78;25
-10;1;-24
-8;-12;6
-19;-36;-20
48;54;2
-35;-34;-4
14;14;23
-20;-8;1
15;1;-5
8;-1;-1
-8;0;0
-6;-4;9
1;1;-4
6;5;-5
4;0;3
-8;-6;-1
-4;3;0
8;-1;-6
-3;4;-6
-5;-1;-1
-1;-3;6
6;0;-2
8;-1;-3
-15;1;5
4;-4;-4
-3;2;1
6;-2;-1
-6;3;-2
-3;-2;5
10;-3;2
-6;3;-2
55;67;66
-58;-73;-31
13;2;10
-17;0;-40
17;9;-6
-14;-12;-7
2;10;-6
-7;0;3
2;18;12
-60;-2;5
41;-7;-7
10;58;-1
-12;-69;33
-37;2;4
10;2;-15
10;33;-3
3;3;-17
-1;7;3
-3;-16;-11
-6;3;19
7;-6;-6
-9;13;-13
4;6;5
7;-2;1
12;-11;18
-14;1;-7
-7;0;-1
2;-5;-6
4;6;5
15;4;7
-6;5;-3
-13;-6;-1
-20;-12;0
7;-1;-2
7;2;-6
8;14;9
-4;-5;-4
-9;-7;0
-6;-1;-1
1;4;0
-2;-3;3
-36;-26;-1
-18;-1;2
23;32;-16
54;35;24
-10;8;-37
-82;8;27
8;-72;15
18;-23;45
12;36;-26
-11;75;10
-42;-27;18
-43;-24;-63
3;-12;9
13;31;31
-8;-47;-101
79;-48;-28
-9;-38;11
26;4;1
14;3;-5
-5;15;34
-126;51;79
14;-14;-28
7;21;10
-17;12;1
3;-11;4
29;-21;-13
4;21;-12
-1;4;8
-7;3;2
15;-4;-7
-7;6;18
12;11;-9
4;-18;-2
7;-9;-10
-23;11;59
24;1;-37
-18;5;-3
3;-10;-9
-7;9;9
12;3;-12
0;-3;0
-12;-4;-3
11;-4;1
-11;11;7
12;-6;-13
-12;0;8
5;-3;2
-1;3;-7
-2;-18;4
-5;1;-3
-4;10;4
21;8;-3
-12;14;-1
4;-33;2
-16;-6;1
16;5;-6
1;26;9
8;3;-3
-13;-7;-10
3;-24;11
-3;14;-7
7;19;-1
14;12;3
-14;-13;0
-3;-27;-3
-11;-44;-2
18;45;-6
-4;11;10
10;0;0
-23;-25;16
16;36;-30
20;-1;16
3;13;-2
-8;-34;-3
-10;-12;-16
12;47;10
22;-26;0
-8;-10;28
-15;-18;-21
-5;13;-22
-16;63;-1
113;-92;12
-55;-35;-51
8;-35;-5
-66;111;129
-101;23;-118
50;36;135
52;-68;-52
-18;22;20
-100;94;68
-38;-84;-13
157;-127;-90
-44;13;-105
9;70;81
-10;23;3
-7;60;11
5;-22;-5
-1;-69;-8
0;-27;-2
1;23;-2
6;31;15
-15;30;55
15;43;46
-8;-38;-51
-9;-47;-44
19;-92;-139
13;198;192
-54;-261;-182
5;49;11
12;-20;-8
92;68;6
-77;41;130
1;87;52
-46;-59;-95
11;3;12
8;-37;-9
7;19;2
6;-38;3
-1;21;13
25;32;-7
57;-10;50
-49;-10;-4
-62;49;-59
27;-61;-2
-3;-9;24
-28;7;-25
44;4;-3
-27;-31;22
26;33;3
9;23;1
21;51;58
-49;-99;-69
-2;-144;-157
50;253;99
-219;-75;114
219;36;-135
-90;-56;-29
85;125;165
41;-129;13
-43;-79;-68
67;100;16
-35;21;-104
1;-55;105
-132;-56;-185
179;110;233
-49;-8;-164
66;-18;124
-73;-37;-107
91;-5;23
-23;-14;28
5;65;-44
16;-97;40
9;33;6
28;-32;-29
-6;-16;-7
22;-14;46
-15;-18;-54
-22;-31;-12
361;64;-51
-326;-98;99
-276;-221;8
193;398;7
52;-189;-90
-36;21;45
4;55;-15
28;-16;-13
17;-22;-3
-27;6;7
-24;8;17
-18;-21;-15
60;25;5
-20;-21;-15
-2;-4;31
16;26;-25
-2;-9;5
-6;2;-5
-11;-10;0
3;0;1
-6;1;-5
4;-4;4
-5;1;-4
3;2;3
-4;-2;-4
7;3;4
0;-5;3
-7;-5;-6
0;12;5
6;-8;-9
6;-1;5
-4;5;-4
-11;0;-1
11;-8;-3
5;-1;-3
-9;9;6
4;-8;2
-3;7;-6
-2;0;5
-1;4;3
0;-3;4
-21;33;-46
13;-19;15
10;-10;3
-1;0;13
8;1;5
-16;3;8
4;-4;-6
1;3;4
2;1;-14
-7;-1;18
8;0;-20
-6;0;0
4;-9;11
3;7;-5
-2;-4;6
8;4;0
-9;5;-10
-3;4;12
0;3;5
2;1;-6
-5;4;-9
1;-1;-4
-5;2;8
8;-3;-5
-1;-1;2
3;-4;2
-5;9;-7
-4;-2;9
2;0;-6
-19;7;10
-7;13;5
41;-53;1
6;8;4
-1;16;-8
-35;22;-10
-24;8;-14
7;-9;19
13;-6;-37
30;-13;10
4;-4;-4
-7;-12;28
5;3;-8
18;-4;-6
-14;-6;29
-42;21;-4
5;8;-13
7;-12;-19
86;68;-17
-104;-72;24
72;110;-33
-54;-118;6
5;15;21
19;28;4
-35;-36;8
23;29;-5
15;21;6
-66;-21;-36
49;60;58
15;-60;-23
-36;-27;-3
19;55;18
-18;-48;-2
-20;108;13
8;-14;-42
16;-62;-5
-14;63;29
9;-35;24
15;-22;-23
-16;-17;11
-39;101;39
-18;-18;-76
33;-14;130
-25;-22;-126
10;-10;86
-44;126;-94
18;-187;-8
64;66;35
29;-28;-20
-103;52;-18
59;13;18
-1;5;17
39;8;12
-37;-26;42
-45;2;4
-32;-127;-7
-31;260;12
-31;17;2
8;-27;-27
0;-63;-8
25;-59;38
52;-72;-13
1;-47;-30
-18;109;5
-10;-6;13
-12;66;-57
-85;22;35
-6;71;24
-22;-60;17
0;-49;-4
32;-37;-18
21;17;5
-9;-42;2
35;-40;-25
-55;40;16
20;20;3
-13;17;4
5;11;4
-13;-19;-10
3;-37;-1
10;2;7
21;5;-8
-3;37;-1
-6;-8;6
15;-14;-13
-10;28;2
-14;-3;13
6;-5;-6
8;-11;-2
74;-53;34
-59;71;-12
-26;-9;0
13;-5;-15
-21;-4;4
21;8;-9
-14;6;-2
-30;2;-6
40;-29;-6
-27;29;13
26;6;-7
-1;11;-2
-4;-11;5
34;-10;-7
-6;20;0
46;-15;-1
-53;-22;15
-25;90;18
7;-19;1
51;-81;-8
-46;76;3
40;-94;-43
-18;10;-4
-64;36;-19
105;-43;-29
-115;7;-62
35;-24;39
-78;81;140
-37;-51;32
90;153;-15
-18;-93;-2
21;-109;-48
17;-57;15
4;18;-10
-24;39;8
-12;-8;9
-2;-8;-18
28;-57;-20
-22;-31;-19
29;24;-5
373;-22;4
-400;119;-33
-19;0;27
3;6;27
-5;41;10
5;2;18
-19;48;21
15;-78;-26
0;-28;-23
12;-8;-8
-7;40;-10
-13;15;23
-1;-7;-8
26;-39;-13
-13;-9;3
-1;46;-8
47;12;-12
-46;-82;-5
-21;-5;38
64;13;-16
-53;68;15
-12;5;4
13;-22;39
17;-38;-31
2;33;-17
-80;30;-44
40;12;-4
24;-25;9
-29;-20;50
13;-15;-13
64;17;25
-60;-16;-27
16;20;-5
-19;-30;2
22;24;9
24;10;-24
-24;-7;11
-11;-20;-2
-5;51;18
-7;7;-25
-2;-94;-5
-6;11;3
-23;52;-13
14;1;-101
53;-11;112
42;68;-5
11;-108;-35
48;92;100
-34;-16;-46
3;-24;-26
19;38;5
-22;-51;-33
31;0;-4
25;-57;-30
10;48;57
34;36;1
-6;-41;-16
-37;-50;-9
32;12;-5
53;-39;-8
-56;-65;-32
481;-453;321
-674;460;-282
145;96;-84
161;26;56
-1;-19;-14
-178;-108;7
36;61;20
13;-44;63
85;36;-83
-32;-14;20
-60;3;12
1;16;-8
45;-19;-4
35;-9;-14
-19;24;12
-31;0;5
-4;-19;-7
36;4;-9
-19;2;6
-24;3;8
-12;-4;-3
15;0;-3
21;-4;-9
9;-5;1
3;4;-1
-11;-4;3
-21;4;4
-3;0;1
17;-7;-8
-1;1;2
3;2;-1
-9;-4;6
4;13;-11
-5;-4;8
2;1;0
-1;-3;-6
-3;1;4
12;-6;-3
0;2;3
-10;-1;-4
-6;5;6
4;-10;-1
4;10;0
-7;-6;-2
3;5;-1
9;-2;3
7;1;-12
5;-3;2
-19;1;8
-20;12;2
-8;-3;-1
-2;15;3
-2;-7;4
20;0;-16
8;-5;-26
-1;9;4
-8;4;16
22;-14;10
3;2;4
-18;-1;-4
-13;4;7
1;0;-5
13;4;4
7;-5;-2
-7;4;1
-7;-2;6
-9;2;-6
8;-4;-1
6;12;-6
-4;-6;0
-1;7;4
-3;-5;0
-6;8;-5
1;-7;7
2;3;1
-2;0;-7
4;-1;-1
-4;-2;-2
-1;3;5
-19;-2;6
4;7;-4
8;-7;-4
21;-6;-5
0;2;6
-21;7;4
-6;-5;-2
12;-1;-4
9;4;-1
6;-40;16
-326;-79;-157
343;108;185
-58;42;-42
-73;17;-65
134;-14;48
-22;30;1
-33;-31;-16
19;109;55
-47;2;-27
22;-99;9
-31;-24;10
-27;71;10
36;-74;-58
-11;131;115
-121;56;-9
72;-22;-33
23;-155;-38
58;10;-30
-12;-11;22
-63;57;-16
-53;-58;61
-19;139;-40
-3;-101;11
42;-50;79
-16;79;3
-79;51;-34
1;26;18
10;-7;-5
-1;-39;-19
30;-99;-28
18;33;16
-22;13;1
1;-11;0
6;-5;-4
9;0;-3
-14;9;7
1;-7;-3
-2;-12;9
-34;111;-84
57;-184;121
-12;93;-55
-24;-14;0
17;6;0
-15;-1;5
19;-1;-10
-33;-27;29
48;0;-36
-11;6;9
-41;102;-1
16;9;11
-5;-90;-10
39;-13;-12
-21;20;17
7;1;18
-5;-34;5
17;10;-30
-19;14;12
29;3;-1
-13;11;1
5;-12;-15
-11;-10;6
11;0;-8
5;11;3
-1;10;8
14;0;-8
1;-25;4
10;-8;-18
-2;36;12
-16;30;-8
23;-22;-2
-5;-25;2
16;16;0
-5;22;-9
24;-22;-4
-34;-31;15
13;11;-11
20;11;-1
0;-3;2
0;-9;-1
2;0;-7
15;-1;-16
-5;-2;12
12;-3;4
4;3;-8
-2;-1;-6
4;-10;2
16;-12;-9
-8;4;8
-12;18;1
-2;-36;4
9;12;-11
86;-58;30
-83;48;-105
-13;4;52
-15;-26;18
30;12;24
18;22;6
-44;-40;-15
-18;-80;4
4;137;20
72;-60;-26
-4;7;9
-20;40;-18
10;7;-3
-6;-28;-9
-20;6;0
-8;2;8
21;0;0
-2;5;-48
-11;-9;46
-7;-4;2
15;3;6
0;-4;82
-1;3;-84
-9;-5;-7
6;6;-1
5;0;-1
-7;-3;-2
-8;1;1
14;5;-1
1;-9;-1
-10;2;4
-2;2;-2
9;0;-4
-4;-3;4
-6;2;1
10;-4;-5
-5;2;1
-5;1;2
2;-4;-4
3;2;3
-4;0;0
2;-5;-1
0;2;-3
1;3;5
-41;-28;-2
-41;11;23
56;21;-12
155;62;31
9;32;-61
-126;-99;-4
-54;-33;10
13;13;11
41;27;-13
44;23;45
-12;114;-99
-171;-170;18
90;10;54
25;3;-26
2;21;18
-19;-14;-3
-8;-32;1
-27;17;-16
70;71;54
-3;-34;-10
-7;19;-42
37;-61;50
-113;89;6
44;-20;61
-140;95;-11
78;-111;-118
-19;16;38
55;-54;-19
-80;36;-26
-22;9;16
99;-61;11
-15;15;24
-80;186;16
-65;-28;-19
22;-47;12
-12;14;38
74;-135;-20
-42;-123;-40
29;19;2
-11;148;22
1;-5;-7
14;-59;15
-2;5;-13
-28;89;-3
27;-103;10
-6;23;0
-4;44;-4
-8;68;6
10;-83;-25
1;0;12
-18;25;7
24;0;-8
-7;-26;4
-9;-21;0
11;-10;-11
5;33;3
-11;28;17
3;7;-8
3;-43;-14
-17;29;20
19;46;-6
-26;-13;9
33;-47;-20
-17;-34;3
-18;10;1
37;33;0
-26;-26;11
15;-42;-23
-29;31;-2
50;23;-1
-48;37;32
34;-39;-40
-13;-23;4
-9;10;36
-2;14;-21
-1;8;13
18;-5;-11
-17;22;12
8;-1;-18
-29;-32;11
38;10;-10
-34;-5;8
10;7;-9
-12;0;13
6;-15;-24
10;-20;5
-13;38;5
2;-36;10
8;20;-17
-9;23;8
-5;10;-1
18;-76;7
6;12;-6
-26;42;-9
12;-30;5
10;53;14
-13;-26;-14
17;14;-20
-7;-9;13
-6;15;8
7;-48;9
-16;47;-5
18;-50;6
1;-3;-18
7;13;11
2;29;9
23;-45;1
20;55;-32
-32;-8;-14
15;-35;13
4;49;-2
-18;-63;-20
-2;29;11
45;-5;-12
-13;65;24
-3;-108;5
51;32;-34
1;24;-3
-18;-72;-4
58;68;35
-34;-30;0
-2;-9;-14
-23;-4;-69
67;-8;76
-5;-13;-26
-13;-13;8
19;-11;-14
-6;-15;-7
-5;-11;-26
28;2;5
601;647;10
-647;-652;-5
61;36;23
-14;-57;-18
12;18;15
-47;0;-20
21;-5;16
3;4;-11
-14;-22;6
0;26;2
6;-11;-7
6;4;0
-8;-1;0
14;2;-4
12;6;-16
-28;6;10
-1;-16;13
14;6;-22
-3;-2;16
-3;-9;2
-1;18;-2
12;-12;9
-9;7;-6
-4;-7;4
0;7;-6
-2;6;2
6;0;-7
-3;-1;4
-4;-4;-1
-7;7;0
6;-8;5
-3;3;2
-5;-1;-9
-2;3;5
4;-2;3
-6;11;-30
-5;-4;7
-9;-2;2
6;3;16
23;-3;0
1;-4;3
-13;2;0
-13;12;-2
3;-6;5
13;0;-4
-4;-2;3
-6;8;0
-5;-4;-1
-1;2;-1
-8;1;4
4;-2;-7
-3;4;-13
11;0;2
-1;-1;6
0;-1;5
-9;5;5
2;-6;-3
-1;0;5
-7;-4;-6
198;-56;46
-149;66;34
-32;-34;-27
0;43;-60
-26;-25;-19
30;20;1
-36;2;-41
9;-14;44
4;5;10
10;-8;13
26;10;-3
-17;10;-2
-19;8;53
-121;-24;-84
181;72;-60
-65;-132;104
-11;88;3
257;-93;376
-231;56;-452
-125;156;26
31;-79;60
39;-39;-2
53;-49;-58
23;-12;-1
-55;87;33
-32;1;84
-4;-4;-8
-14;49;-26
1;11;-15
-36;-80;54
15;22;-25
-9;-1;6
16;-6;22
-48;52;-52
-34;4;18
90;-30;-6
-33;-67;-27
45;18;-13
-58;-4;11
3;64;31
-30;55;-4
-7;-88;-2
10;-10;-28
5;9;13
-15;-1;7
9;-2;-9
-1;-3;-1
6;4;-4
-8;-3;13
14;1;-15
-15;6;19
20;-8;-12
-21;0;27
8;4;-18
-11;-11;-9
9;7;-6
-7;22;7
12;2;-6
-10;-24;2
18;-8;-6
-15;28;3
-13;59;-42
10;-111;25
17;20;10
-7;1;1
0;20;-1
5;-14;3
0;-27;15
-9;5;-9
4;6;-2
21;22;-1
-12;-7;-12
16;7;5
-1;-4;2
-7;-2;-11
18;-1;8
5;19;10
3;14;-6
-7;-37;-15
-19;-19;-5
25;-3;-1
20;30;4
10;5;-7
-14;-7;9
-9;-14;-9
6;-9;10
6;16;-5
11;1;-5
-8;-8;7
-8;-7;-5
7;-3;-3
3;12;2
11;7;-4
-84;82;-127
91;-105;62
-50;-19;21
10;2;48
67;55;-14
6;24;16
-26;-37;27
87;-285;35
-143;238;-50
48;53;-18
29;20;1
-32;-84;-3
-54;32;29
34;-1;0
-3;-3;-67
9;-1;7
-56;32;49
55;-39;-22
12;49;3
-50;38;-3
65;-162;69
-30;32;-78
-36;33;10
-9;75;-55
-11;-139;89
-2;32;-42
-11;-36;8
19;22;-8
-16;4;5
2;-31;11
-25;19;-19
-14;-44;14
-3;-7;-12
20;33;19
1;102;2
-10;31;9
12;-26;-18
-2;-28;-2
-8;13;14
2;46;7
14;-4;-16
12;-105;-24
-13;-27;8
15;-2;8
-17;80;-14
-55;123;41
63;-176;-34
-32;84;20
6;-6;-11
-7;-7;8
0;0;-4
10;1;-3
-4;2;4
-6;-13;-5
9;10;4
-16;-9;3
9;31;-11
-6;-17;5
8;-9;-3
-7;-2;0
-23;2;141
38;-69;-164
20;71;20
-51;35;39
-8;-58;-39
68;9;7
-50;55;-37
-25;-82;25
152;58;7
-125;-73;168
8;32;-162
19;72;-66
0;-38;-13
33;-33;-204
-707;51;405
619;-70;-298
40;36;66
141;-4;79
-56;88;84
-24;-35;-98
73;-34;85
-14;30;-81
51;-15;95
-21;-90;-162
-41;104;108
-202;-236;-187
264;53;140
26;50;105
2;21;-78
-9;-55;37
-59;9;-42
-3;-4;-45
9;-2;0
4;5;-5
-11;2;4
4;0;0
-5;0;5
3;-1;-5
2;-5;10
-4;6;-11
-1;-5;0
-1;3;0
2;2;3
16;-3;-7
-30;13;-4
24;-17;25
-19;-5;-6
2;6;-10
-2;2;-12
26;6;23
-5;-15;-10
-9;2;-20
23;11;20
-13;23;0
19;-23;-4
-40;10;8
-5;-24;-3
16;14;-5
-6;0;0
-7;5;0
-3;2;-2
4;0;-3
0;1;6
7;1;-5
-14;7;0
1;-4;4
0;2;0
-1;-1;-2
-14;-3;-1
-42;-6;-8
5;9;-3
31;-2;-5
49;7;-1
6;-6;11
-34;-5;7
-24;-2;4
14;0;-8
14;10;-7
13;-6;6
-13;-1;7
-15;-4;-4
-5;1;4
14;-1;-3
6;8;-2
-4;-8;5
-6;4;-3
-7;-4;5
3;4;-4
-2;2;2
5;2;-1
-14;2;1
-2;-7;0
-11;7;5
-13;-6;-3
10;4;9
16;-68;93
40;51;-85
-32;6;4
-19;4;-29
14;7;-25
16;-20;1
-13;-1;-57
15;-2;36
20;0;25
-47;181;-84
-37;-240;99
160;75;3
-63;-53;15
-31;36;-39
11;16;39
-56;-130;1
33;132;-16
-33;136;-34
-39;-159;7
16;47;22
-2;31;-6
70;-6;9
-179;23;116
104;-113;-100
47;18;-8
-43;66;-53
-51;22;14
15;-20;29
62;-81;16
-20;77;-26
-2;12;-4
5;-24;63
-58;16;22
-27;-27;8
-66;63;-14
-13;85;-64
-37;31;-14
47;-54;67
-109;-10;-14
77;-86;-17
-24;-4;8
7;10;9
16;-113;-21
32;70;14
16;24;4
-33;6;7
16;-12;-2
3;0;-10
0;-3;7
-16;10;0
12;-7;-6
4;-7;3
-16;2;0
9;10;1
5;-1;-10
-5;-20;15
-5;14;-9
13;0;0
-16;-2;1
1;-9;4
11;15;-15
-8;-5;13
-6;-7;-1
9;11;-13
-3;-6;10
-12;1;0
22;-7;-2
-11;7;-6
-4;-13;17
5;11;-16
7;-5;5
-20;1;-2
8;6;-2
6;-1;-4
-11;-3;10
6;-5;-2
4;12;-14
-2;-14;21
-8;6;-13
17;-3;-1
-19;3;3
1;-7;8
12;8;-20
-6;-4;12
-9;-6;3
10;10;-12
1;-7;7
-15;2;2
20;-5;-5
-9;10;-7
-7;-16;19
6;9;-17
7;0;1
-21;-2;3
7;3;-1
14;2;-8
-18;-4;9
1;-4;2
15;9;-13
-12;-5;14
-7;-2;-8
19;0;-2
-12;-1;1
-7;-2;8
20;1;-14
-8;-2;9
-16;-1;3
16;2;-10
2;-2;3
-19;-1;4
17;1;-3
-2;4;-7
-7;-10;16
4;7;-14
7;-1;2
-20;0;2
8;-1;0
11;2;-7
-15;-2;10
4;-7;-1
7;10;-14
-1;-7;18
-11;3;-9
15;-2;-1
-16;0;-1
1;-4;5
7;8;-13
-3;-5;9
-10;-8;5
12;13;-11
-3;-6;3
-10;-2;3
18;-5;-2
-7;8;-5
-10;-10;14
5;9;-17
10;-3;5
-20;-1;5
4;4;-6
11;0;-7
-12;-6;11
5;-3;-2
7;7;-9
-2;-8;15
-12;3;-8
16;-1;-3
-16;-1;3
-1;-4;5
12;9;-14
-6;-5;9
-10;-5;2
11;10;-11
0;-4;4
-15;-1;2
21;-5;-1
-9;6;-7
-10;-10;14
6;11;-15
-1;125;40
-30;-136;-1
55;-14;-41
-21;24;8
-15;20;-8
-2;87;3
-2;-135;-15
3;149;41
13;-116;-1
13;5;-21
-13;-15;6
17;0;-9
-6;11;-2
-11;-8;8
17;-1;-15
-17;-3;10
14;8;-3
-9;0;-4
-3;-9;6
13;4;-10
-17;-1;8
19;-5;-7
-10;-13;-6
-10;-10;-4
22;12;9
-23;21;8
23;15;-4
-16;-23;1
18;-14;-13
0;3;13
-14;26;-3
24;1;-4
-19;-6;4
9;-7;-7
8;-5;3
-16;18;-2
28;1;-4
-30;3;6
17;-2;-12
6;-14;15
-19;7;-6
34;-5;-8
-26;1;11
17;-3;-14
-5;-5;13
-4;6;-10
14;1;-1
-21;6;6
20;-2;-13
-16;-2;9
16;-6;-48
-9;36;70
3;-37;-4
-3;6;-16
17;9;-58
-11;-14;50
-4;0;6
3;5;-5
-4;-2;-1
45;-56;9
-42;69;-15
1;29;-18
6;-30;-10
-5;22;61
9;-19;-15
-5;11;-5
-50;-35;-40
133;-17;25
-139;-282;-34
319;369;-95
-245;151;313
-491;-327;-162
443;79;48
104;88;-10
-101;-231;-191
90;137;199
56;136;-164
10;-56;54
-112;-231;125
215;388;-30
-303;-385;-93
45;206;67
60;24;9
-39;-196;-110
58;195;-110
122;-78;259
-139;-57;-106
51;111;-54
10;-56;71
-1;-79;-36
-49;38;-19
-24;-13;-1
52;25;-3
39;3;-43
105;-97;138
-97;91;-62
-34;-13;-24
47;-20;57
20;25;-49
2;-8;5
-55;-33;-20
19;23;5
-24;-81;12
34;34;-9
-12;4;6
-4;7;-3
-14;-11;-20
16;-15;12
4;29;4
-5;-18;-8
-7;-3;5
6;7;-6
-14;-6;-1
10;-8;8
3;17;-8
9;-15;8
-18;6;-4
-16;-1;-5
19;-2;-1
-2;6;2
13;6;-6
-11;-1;-1
-4;-8;4
3;8;7
7;-3;-5
-3;4;3
-7;0;-1
1;2;-3
-1;-2;3
1;-1;1
-9;11;1
3;-6;-6
-1;7;5
6;-6;-4
-12;12;0
6;-13;4
0;3;1
-2;-1;-2
3;0;3
-4;2;2
0;8;-8
-2;9;1
1;-8;0
-3;11;3
-1;-9;2
-1;1;4
-2;-1;1
-14;3;-4
-25;6;8
-4;-2;-4
42;2;-8
16;13;-29
-5;-10;13
-33;5;-2
-1;-8;20
28;0;-8
11;0;11
-16;-1;-1
-14;0;0
6;0;0
15;-1;-5
-2;-4;6
-15;3;1
1;2;-5
12;-4;-3
-13;3;3
-5;-3;2
9;2;-3
1;8;-19
-5;-5;10
-2;-2;3
1;-1;0
9;1;2
-12;-6;1
-9;4;4
4;-3;-7
-14;-3;5
-5;-1;1
13;-3;-5
35;10;-10
33;-11;-7
-35;6;11
-27;-3;4
-10;-4;-1
14;4;-4
22;2;-6
-18;-3;-2
2;2;-1
8;0;10
1;-6;1
-13;8;-4
9;-11;11
-10;1;2
3;10;-4
-2;-8;-6
-7;1;8
-3;-1;-10
-17;8;3
-6;-6;2
23;3;5
27;3;-13
-9;-1;1
-32;-3;2
13;21;-16
11;-18;10
-38;-53;-7
53;141;-15
-77;6;2
74;-42;33
-70;-80;-22
30;69;15
-4;-11;5
-4;-1;-2
11;2;1
-4;-2;1
-9;-4;3
5;3;-5
4;1;0
-9;1;2
0;-2;-3
7;0;-1
-3;2;3
-7;0;1
30;22;-7
-25;-27;36
-10;-11;-29
-3;-2;0
16;37;-6
-21;-50;6
-7;10;-2
11;20;-1
10;14;6
23;-6;-35
-27;-16;18
-14;16;11
19;2;-21
42;-38;9
-36;-98;-38
80;56;10
-6;-16;-58
-14;6;5
-59;21;106
-20;43;-41
-82;48;16
-61;87;-10
90;-41;57
-39;-143;43
8;153;-74
8;-63;5
-86;68;-79
103;-74;135
-10;8;-43
-104;91;-39
124;-204;98
-22;82;-113
-33;5;-1
-40;36;85
4;85;0
-45;-23;-4
-3;18;8
35;-109;-43
22;5;8
-6;6;9
-13;-5;-2
6;-6;-7
2;21;-1
5;4;15
31;-36;-2
-39;15;2
11;-2;-15
-2;3;12
3;5;-9
3;-10;-4
-11;-9;-3
13;11;-2
-19;12;9
7;-7;-8
-3;-14;4
-1;-4;-10
8;5;-7
-6;16;15
2;12;2
13;-17;-2
-20;-21;-9
18;-11;0
-14;24;5
17;26;-2
-2;4;12
-9;-25;-13
13;-21;-4
-15;7;8
22;17;-10
-10;9;13
3;-10;-13
5;-13;0
-11;12;3
18;10;-7
-7;3;11
5;-1;-9
8;-12;0
-7;1;-2
17;1;-7
-11;-1;10
11;-3;-9
4;-3;-1
-14;8;3
18;-20;1
-6;18;-8
11;-1;0
-62;32;-128
35;-4;90
20;76;-17
9;-91;69
-38;-24;30
39;4;-62
5;14;56
-14;-23;-25
-2;-3;-2
2;11;-20
-23;5;18
8;-13;-4
8;17;-12
1;-8;-9
3;-11;13
-1;9;7
-11;3;22
1;7;-13
-12;-2;-1
22;-2;-12
-1;-10;5
-2;-26;-12
-57;-22;108
39;46;-133
22;-26;57
9;55;6
-58;-53;-21
112;107;-30
-51;-36;66
-89;-12;-26
73;-16;-96
-38;51;75
37;-86;0
190;301;-19
-233;-476;86
167;346;-144
-195;-360;-74
-133;130;6
51;-168;-163
337;274;461
-272;-55;-302
254;77;150
-160;-31;-76
51;-16;54
-17;-26;4
5;0;-3
-3;1;-4
-12;-6;2
51;19;14
-30;-25;-81
56;68;64
-75;-69;108
112;101;-61
-85;-109;27
31;61;-74
-48;-42;2
12;-14;-6
7;-1;4
-21;0;-5
5;-1;-4
5;3;3
-6;-4;0
8;2;-2
6;4;6
9;-8;-4
5;2;-5
-29;-2;12
-13;-21;-19
-4;3;8
32;33;-7
1;9;3
-38;-33;9
7;-16;-10
55;40;9
-24;-27;-34
23;11;56
-48;-19;-64
38;-1;13
-32;-17;10
85;-30;96
-40;-6;-116
40;43;54
-104;-53;-88
36;33;49
42;29;-11
-16;-23;-24
-9;-1;46
5;20;-24
-42;-120;-20
81;3;15
-102;131;29
41;-42;-64
-22;-43;3
7;-13;78
-7;-10;-71
46;26;22
-15;3;13
10;1;-13
1;-8;2
-4;7;-7
0;-2;0
-7;-3;-3
5;4;6
2;-2;-6
22;7;2
3;-14;6
-53;12;-21
10;-8;22
25;4;-16
-4;15;3
-5;-19;12
-10;2;-1
15;1;-6
5;10;1
-10;2;-1
1;-6;-2
9;10;1
-2;-6;-2
-15;8;1
4;-6;0
-6;12;7
7;-7;-1
-18;-2;6
3;-6;-2
1;21;-13
13;1;-5
-12;6;-8
-17;-4;12
19;1;-1
-6;1;17
-11;-10;5
-29;3;0
11;1;0
25;8;-1
19;5;-7
-13;1;1
-14;-6;-2
-5;2;3
9;3;-14
9;4;5
-11;1;6
-14;-6;-2
-13;-5;8
-5;1;0
15;2;-7
18;12;-8
3;-22;1
-8;16;7
-11;-4;-7
5;0;-2
3;5;-4
-2;-7;-4
-7;2;13
5;-5;2
8;2;6
-9;5;-7
2;-22;17
7;20;13
-6;-2;-16
-11;8;-9
9;-20;10
-1;11;-1
1;-11;16
8;-1;6
-16;5;-22
20;19;-17
-38;19;-38
24;-63;51
-10;60;-38
-7;8;27
1;33;25
83;-128;-33
-23;26;-22
-71;-26;40
108;-8;-11
-89;61;61
-10;151;-12
-11;-126;-40
-11;-1;-4
11;16;0
14;20;4
-31;22;14
11;-76;-21
4;-15;-4
-31;82;18
6;-5;-4
-10;8;3
-4;-49;-1
16;-27;2
-39;24;-1
15;5;-7
8;13;-5
28;26;8
-1;11;4
62;-11;2
-97;33;15
23;-61;-13
-6;-32;-13
-9;0;10
-20;72;-20
-60;36;22
31;-17;23
-58;43;-60
71;-65;55
-15;-13;-2
44;-126;-31
-69;173;48
26;-101;-51
0;88;8
2;-53;64
-24;13;-21
44;-89;-92
-9;21;48
-114;130;25
45;-48;-13
11;-48;4
-6;-10;-8
17;7;-6
-9;19;20
-9;4;-4
1;-14;-5
-3;-17;-7
13;13;5
96;-106;54
-48;39;-40
-47;92;16
-2;-34;-19
30;18;-12
-22;28;6
7;-28;-11
14;-24;-9
15;25;4
-9;4;-5
18;-17;-1
-5;11;-8
15;-9;10
4;8;-9
5;-8;-5
11;-12;-2
29;25;-45
0;-25;-29
-21;-11;15
19;-40;65
34;46;-90
144;66;-42
-239;-329;24
207;140;-63
-65;55;116
-8;52;28
-35;-31;6
-12;-28;49
83;160;-47
-71;-186;20
20;44;11
-16;-11;-55
-69;62;-26
45;-43;25
-5;6;-2
15;9;-13
-6;-1;-4
-73;51;-100
31;-50;69
13;0;21
19;-6;27
9;-61;59
-55;31;26
103;208;74
-73;-140;-75
30;-57;-41
-21;-43;-57
0;33;19
10;17;14
10;-5;6
16;10;-20
2;-9;0
-24;4;-103
-21;-15;75
5;5;8
23;-19;16
23;-12;15
-15;15;7
29;-17;15
0;34;-22
-14;6;-30
10;-7;7
-11;-7;-11
-26;-3;4
-24;13;-22
41;14;34
27;-25;26
-7;13;31
-70;-2;-53
-3;2;-6
15;1;28
38;56;9
50;-83;-8
-110;90;-35
47;-29;29
-127;97;29
-87;-34;30
1;-55;3
11;63;12
148;-69;-53
67;-60;-51
-8;-44;12
22;-4;-4
-41;87;-8
-8;-6;3
-54;33;23
-33;30;16
-22;38;11
-18;-15;-16
34;-40;-6
22;-2;4
-1;17;9
-15;-14;-6
1;-26;-4
-7;16;-8
-10;0;1
-19;29;32
-5;-1;-3
73;-53;-35
-57;35;31
66;-39;-36
-44;41;35
-35;18;-26
71;-65;-6
36;15;-12
-72;31;57
-14;15;-47
56;-30;8
-34;17;2
0;-8;2
16;-10;-7
-12;9;1
1;-10;5
7;-8;-9
-1;11;2
-7;5;-1
-15;-38;-14
-20;-13;12
-39;63;78
224;21;-88
-49;-30;-40
-94;-59;-31
47;-12;27
0;107;80
-126;1;-2
55;-70;-24
43;-15;-34
-30;43;40
-42;-62;-2
124;0;-47
-120;85;70
95;-70;-86
22;37;27
-113;26;92
64;-112;-82
-36;135;-1
-39;-69;-9
-24;63;-12
116;-62;-15
46;96;29
-72;-101;-8
10;-38;-2
18;30;-7
61;-2;-26
-89;51;62
36;-47;-30
-13;6;22
-7;-15;-11
-13;-31;61
128;42;-130
-134;9;41
22;-22;68
-83;117;80
36;-97;-64
80;21;-50
200;-144;-173
-216;-56;92
5;60;19
-55;112;71
57;-70;-108
-41;74;100
-19;4;12
27;13;-5
-2;-16;-6
21;-15;-3
-32;10;-21
-23;62;2
-6;-54;8
146;-102;-109
-147;107;121
38;-6;-5
-24;-26;21
31;19;-3
-57;-26;-24
30;50;-12
5;1;44
16;-69;-40
-7;13;17
11;33;-38
-28;-19;35
16;-17;-23
-1;16;19
-4;-17;-3
15;8;4
-22;10;-3
43;12;11
-28;-8;-33
0;-18;-8
9;-18;35
9;2;-27
-22;7;-15
-5;-62;-39
40;2;52
-15;25;10
17;-12;-33
-11;-29;-38
38;21;38
-47;-35;63
23;41;-59
1;-50;-6
4;12;10
-7;9;4
-7;-3;-6
17;0;-7
-9;-10;8
10;3;0
16;5;-12
-18;-7;9
-9;-3;0
0;10;-4
29;-3;-11
-26;5;18
-12;-11;-9
5;17;1
24;-10;-4
-27;6;6
2;-2;-1
2;1;-3
-2;3;-5
11;0;6
-9;9;-13
2;-11;1
14;18;7
-10;-15;1
-16;1;16
12;3;-11
-4;10;2
5;-10;3
-15;3;4
14;2;-6
-7;12;3
12;-10;-7
-16;3;6
-3;3;-10
-4;1;8
7;-2;-3
-24;3;3
-8;-3;1
13;3;-4
36;-1;-12
-5;2;14
-21;-6;5
-2;4;-5
11;-1;-1
10;-2;-6
-24;0;11
3;-3;5
3;3;-16
5;4;-3
28;-8;7
-18;8;-3
-16;-23;27
4;17;3
11;-1;-27
2;-2;5
7;-12;38
-26;6;-13
13;5;-26
2;-2;-10
-26;4;-5
46;13;-18
-40;-48;0
42;70;26
-39;-54;9
4;22;7
-19;-12;-12
-30;-4;21
57;2;-19
14;71;-30
-22;-70;21
-3;12;0
3;14;0
-7;4;-23
-18;-21;-16
17;18;42
2;-3;-13
4;-5;1
5;-6;7
-21;1;5
13;-1;-2
4;-1;-7
-3;2;6
-2;-6;0
-10;8;-1
12;-2;-10
-9;4;-13
-2;-6;12
3;-7;7
-2;6;-1
18;-4;5
2;-26;45
24;48;-4
-14;-17;60
-9;22;-73
-15;-4;-5
-16;1;-67
-7;-23;-4
1;21;-3
-9;-30;30
24;31;20
10;-22;23
-10;24;-3
-35;-44;52
329;-118;198
-309;231;-273
-54;-1;-45
17;-104;51
-25;68;-135
67;-19;43
-80;6;95
3;23;60
41;-36;-80
39;-32;-23
-13;1;6
-50;59;33
-36;16;-33
42;-35;27
3;-33;77
-3;-68;-12
-49;166;-10
41;-80;-115
-28;-3;105
-126;143;-98
135;-102;70
-19;23;13
-2;-6;-1
9;-8;-3
-63;-49;91
-7;25;-70
0;26;0
-2;-14;-5
12;-2;-11
-17;8;16
-118;-135;90
124;159;-43
8;-22;-61
-28;-10;13
18;-2;-4
9;5;-2
-12;-2;2
6;-5;-13
1;7;12
-5;1;-4
12;-8;-5
-20;2;5
17;0;-13
-10;-21;11
0;11;-11
7;-9;-2
-12;15;5
21;11;-1
-14;-4;15
8;0;-19
-1;-9;7
-6;3;0
19;6;-7
-18;1;17
21;2;-18
-10;-11;9
0;4;-2
11;3;-9
-13;5;11
21;3;-14
-12;-1;12
9;1;-8
1;-5;-1
-11;-4;9
18;-11;-16
-20;0;10
23;7;-10
-7;9;6
-1;2;-9
10;-5;-5
-22;-21;60
19;19;-65
-9;22;-12
15;-13;-39
19;19;91
-9;-14;-14
-30;20;5
11;-28;-10
-4;37;-13
5;-38;4
-25;19;-19
31;-36;12
3;-7;17
-2;12;-20
-14;9;-3
20;-15;13
-19;17;-17
5;-49;42
-5;34;-62
53;25;6
-82;-11;-66
21;-4;196
-49;-11;-20
75;-40;-61
-68;29;-21
74;-30;7
-6;53;105
35;-123;-49
-44;142;-80
36;-22;9
-5;-31;-19
-71;-16;-18
-7;54;19
122;-21;16
-38;-24;-15
-80;-50;-60
127;39;82
-32;44;-27
-26;-18;-2
4;-34;-6
17;13;-19
-44;14;54
104;-4;-52
-88;-44;25
-2;21;9
3;-28;9
142;-16;-113
-44;171;90
-62;-97;41
-49;-6;-63
55;-31;15
-8;27;4
40;-24;-20
-16;14;18
-9;1;-4
-11;-17;10
-11;-25;-59
-2;23;53
27;-4;-1
18;22;0
-3;-5;0
-26;-14;0
5;13;2
-4;-17;0
-9;20;-16
8;-6;7
7;-1;7
-2;-4;-7
-3;-12;-14
17;23;19
-21;-18;-7
-2;9;-3
31;-3;23
-19;-13;-25
0;8;13
13;-15;-13
9;-24;45
8;30;-27
8;8;-9
-86;-76;-56
84;21;103
-22;53;-98
-24;-81;76
35;107;-51
-34;-49;-41
-94;-179;79
110;139;-19
-69;-131;-1
-191;186;-258
249;51;167
29;-170;76
13;66;-42
-65;-34;42
88;36;3
-40;-47;-17
-5;5;8
-6;0;-15
-15;-1;0
7;-1;9
14;0;5
-5;0;-8
9;26;-18
20;-29;51
-11;-8;-30
-16;21;-4
4;-7;-26
-5;0;18
-3;2;13
7;0;-1
-1;0;3
-7;4;-7
-22;3;9
10;6;-7
19;17;2
9;-27;-6
-34;5;11
8;4;-6
5;14;-4
15;-4;4
-11;13;2
-2;-7;-5
6;1;2
-1;-4;2
-9;-3;0
-8;2;4
10;5;-3
-21;5;3
-11;4;0
3;1;4
35;1;-14
6;-1;7
-36;-4;5
-13;5;-4
42;1;-22
-8;-5;-18
2;5;34
-24;-11;8
17;3;-16
18;0;0
-18;-4;15
-7;6;-6
5;6;-4
26;-7;-2
-19;3;5
-14;-4;1
-8;3;-5
17;-1;8
2;4;-4
-6;-3;0
-4;7;1
-2;-3;-2
-3;-4;2
4;1;-3
1;4;3
-8;3;-2
-3;5;-8
2;-4;3
-1;-2;4
0;2;1
12;-4;5
1;36;-5
-16;-1;1
-1;-4;-3
4;-20;19
-8;-15;-4
32;38;9
-33;-36;-18
3;34;2
0;17;-13
-6;-26;9
7;-10;-11
-22;33;-11
-14;-78;26
0;28;0
11;11;-6
26;35;11
-6;43;55
202;-196;-182
-456;298;127
195;-170;55
28;25;-52
-25;-7;1
-34;-43;54
40;56;-51
5;7;-8
25;-98;109
-43;64;-113
26;17;6
11;0;-15
1;-6;-7
10;-11;9
6;-9;-5
12;0;-13
-29;46;8
-73;-282;-327
45;157;320
-25;27;-24
76;52;35
-2;-38;-10
27;44;-18
-10;-23;24
-9;-8;-8
-17;6;1
-5;-18;10
0;31;-18
28;-22;1
-15;-2;10
-25;10;-1
-3;3;-4
13;1;-4
11;-14;-3
15;-6;6
-3;21;-4
70;5;-17
13;-4;4
-87;-3;14
-76;-14;14
5;-2;-12
35;23;-10
68;0;14
-6;21;-4
-86;-38;10
-29;0;1
32;27;-20
29;54;16
61;-43;9
-45;-22;-9
-46;-8;-2
-1;22;69
7;-8;-75
37;1;5
12;11;-1
-32;4;22
-28;-20;-8
18;5;-4
15;31;3
8;-18;-28
4;34;16
-58;-28;35
87;-94;-64
-94;131;39
57;-44;-17
-28;-24;7
25;-38;30
-55;82;-12
-55;30;-2
12;8;32
-26;-62;-47
43;-34;32
-56;100;-37
-56;-20;3
88;-21;31
31;-60;-35
-22;-14;-5
-7;16;0
-8;-13;41
-103;63;46
-12;-14;-20
44;-18;-34
-6;6;12
3;15;-13
2;-8;8
-1;8;-19
-30;-19;26
23;26;-14
-7;12;18
65;-23;-52
-74;-1;76
18;2;-5
-9;18;-5
19;-6;-24
9;-21;-2
0;10;-13
14;-4;1
-13;12;8
-1;-3;-1
9;-4;2
-8;11;12
6;-7;-5
-1;-1;-3
-2;3;-3
6;-1;-5
-11;-1;1
15;-16;-6
-22;15;1
22;-8;-5
-18;14;9
13;-18;-14
-8;15;-2
-26;88;-77
38;-88;77
-1;-36;12
-23;36;-11
10;-13;-12
-7;0;9
9;-3;-9
-10;-6;0
8;-15;0
-6;4;8
13;21;-3
-5;21;9
0;-12;-7
7;-11;3
-2;2;-3
6;9;4
-6;7;9
5;-4;-5
-3;7;26
19;5;-23
-14;-5;5
12;-12;-14
-13;5;3
13;0;-25
-45;191;-114
43;-218;101
-7;18;40
8;29;1
6;-54;-3
1;-15;23
2;16;2
12;42;-14
-24;14;-14
0;-36;-9
4;11;-7
-1;40;7
2;-33;-22
-6;-52;-6
-2;21;0
36;53;3
-17;-11;22
-37;-35;-4
29;-11;-2
-31;57;10
41;-22;-26
-14;-39;58
10;-3;-32
18;22;-10
-10;7;1
19;-26;-9
-43;7;-9
51;1;11
-25;33;-1
29;6;8
-16;-37;-9
-11;-22;-9
13;33;15
-10;5;-5
3;-31;-1
-13;16;-13
-16;-44;35
7;42;-65
101;-7;116
-59;-6;-38
-55;-15;-38
48;35;-1
-1;18;-3
10;-28;7
-16;32;-14
-11;-39;-11
12;-23;9
-1;-6;3
-13;77;0
23;-74;9
-15;88;-28
19;-53;9
-7;-11;17
-3;34;3
-35;128;-9
-38;-70;105
170;-232;-171
-104;198;105
-86;91;26
116;-186;-153
-104;72;101
24;25;6
30;19;-14
-55;-17;58
35;-30;-19
24;-20;-50
7;-16;12
-55;2;-15
42;6;33
3;7;-29
-1;7;22
4;-23;-29
7;6;9
-15;2;-8
22;-9;5
-15;6;19
2;0;18
12;26;-48
0;-15;50
-17;10;-59
39;-4;27
-26;-14;-12
-21;-82;32
13;105;-45
-26;-49;25
9;25;-14
18;8;9
10;3;-12
-24;-55;13
14;18;-17
-23;-1;21
48;1;-15
-58;3;-5
18;146;-120
21;-139;124
-17;0;3
23;-12;-7
-4;9;3
-31;1;-4
15;9;-27
12;-12;22
10;2;10
10;30;-15
-14;-26;15
12;-24;-7
-9;17;4
10;14;-16
0;-56;-10
-55;32;20
55;3;-16
-19;25;-4
15;-34;-41
-29;11;37
22;23;15
-7;-33;13
27;-15;6
11;29;-20
-8;5;-6
-20;-23;5
-29;-20;6
21;21;-11
17;25;-14
-13;-21;16
39;-13;7
1;98;-16
-33;-92;11
-8;-23;-10
-6;32;8
15;18;24
-73;-61;-29
102;12;-24
-75;-51;61
9;65;-25
124;48;44
-126;-49;-87
10;-2;26
-8;25;-2
-8;-12;45
27;-8;-39
-8;2;1
11;25;9
-5;-19;-7
4;-9;3
4;7;-4
-1;-1;-1
-9;-3;-3
1;5;3
18;13;-2
-15;-21;3
-45;69;18
-16;-2;6
83;-64;-21
-69;94;4
28;-93;-42
-1;54;19
33;-75;25
-97;83;38
-1;-57;-57
68;-35;5
0;38;5
-66;22;32
-21;-59;-3
68;28;-29
-3;16;-6
-5;14;16
2;-9;-14
-7;-28;6
0;29;-1
15;1;-2
-20;-23;5
10;8;-6
16;9;-3
-36;6;-8
30;-15;11
-4;6;0
-9;-6;4
9;9;-8
-5;-7;2
-12;3;4
-44;20;-7
75;-33;3
-11;3;1
-9;-7;-10
17;27;11
-8;-25;-3
-4;7;-5
-2;-2;-3
8;-5;-7
-16;4;24
22;-8;-14
9;-3;-2
-44;-57;4
-3;111;-13
66;-55;-11
-63;38;62
16;-38;-63
-19;22;32
-14;8;21
10;-27;-18
-5;15;-17
16;-11;-1
8;7;6
-39;-5;2
32;-30;-9
41;48;-4
-35;-14;7
-3;3;-1
16;-16;-9
4;-5;4
-10;3;2
7;-2;-8
-6;8;2
4;-12;-3
-2;6;6
0;-1;-4
-2;-7;4
4;6;-8
-9;-6;1
-8;-21;0
24;24;-16
-1;9;13
-7;-12;7
0;10;-7
9;2;-1
-21;-24;5
-5;14;-9
0;8;8
-45;78;44
55;-120;-64
15;47;11
-32;8;28
-10;2;24
25;-63;-49
-37;22;10
-59;21;-18
91;27;24
-11;-19;-59
-51;-8;66
-45;26;43
37;9;-25
0;-10;0
15;1;-22
11;-31;0
-39;21;14
44;-22;-35
-42;15;25
45;-31;-32
-45;22;25
-11;20;24
1;-12;-13
33;-24;-39
-37;12;21
-7;6;29
8;-18;-36
29;-18;-18
-1;-19;13
-16;64;-73
-27;-15;96
14;-12;-17
7;7;-15
-36;8;6
20;-22;1
-14;-16;25
21;24;-9
-13;-18;-2
17;0;0
15;11;36
-20;12;-15
-3;-11;-13
4;3;-15
-12;6;-2
0;14;-5
40;13;-50
-43;-32;51
-53;19;-143
70;24;188
2;-11;-67
-17;-25;38
14;1;10
6;-23;-21
-6;16;2
1;5;8
-29;6;0
18;-8;1
-9;26;3
1;-79;-7
-1;3;-29
-5;37;21
42;4;-22
-7;-22;9
-18;38;6
3;-11;8
31;4;-10
-33;-29;11
65;22;-18
93;-91;191
-150;87;-205
0;-2;63
22;0;-12
-2;17;-41
136;47;-30
-141;-158;35
25;113;-14
-45;29;7
43;-54;18
1;7;-11
7;-9;5
-16;20;-9
3;-35;38
4;12;-31
7;13;-17
-23;-9;14
-9;16;37
25;43;17
13;-55;-56
-34;14;-2
18;11;-19
-18;-25;13
-7;-21;5
29;11;6
-21;17;-10
13;-40;6
-21;66;-18
12;34;12
5;-47;-19
-20;-14;16
-2;-24;8
21;15;-6
-15;-6;4
1;-6;-10
45;-18;13
-48;0;0
5;39;-36
-30;9;46
66;-54;-30
-5;15;17
-50;28;-3
6;-42;-14
21;14;6
-18;12;-9
27;15;25
-60;269;-111
48;-292;95
-8;9;3
101;-17;2
-125;30;-3
66;-5;27
-27;-5;-45
-3;19;28
0;-15;6
17;-28;-14
-33;21;-1
31;3;-2
-21;5;-20
7;-25;9
10;-34;-1
-10;63;12
26;-68;-13
-2;37;-4
5;4;4
-11;-10;-4
11;9;2
1;3;-2
-5;-17;-3
-29;42;-12
27;-45;19
16;6;-14
-66;-24;85
99;6;-64
-41;41;-22
-6;-28;0
57;80;-14
3;-122;2
-22;32;0
-47;14;18
18;4;-53
14;-45;47
24;18;-15
-52;0;45
-365;-157;351
396;148;-376
15;1;-6
11;-41;-34
-67;13;9
41;24;18
-1;-6;36
-21;-152;40
-4;145;-71
25;-9;-26
-3;10;19
-22;20;-38
112;-22;17
-75;1;21
-12;1;-4
24;2;30
-5;0;-22
-22;-6;-6
4;5;-11
2;1;0
-4;14;-16
-2;-12;16
6;4;9
1;-5;-1
3;9;-4
-22;-23;-6
7;15;6
11;-6;3
0;2;-4
-10;9;-4
-5;-4;-8
54;-440;-125
-174;443;291
112;-38;-157
128;7;1
-95;-24;-10
323;146;-50
-412;-21;149
56;-44;-66
-23;-5;1
42;34;13
-13;-5;159
-18;-16;-213
-75;53;4
68;3;97
-50;-69;-89
9;17;4
-27;-9;49
-10;40;-33
30;-62;26
-2;-38;-3
-59;15;85
41;61;-111
8;-31;5
2;6;-5
-59;0;14
11;18;17
17;16;-9
-10;-30;-10
-2;-6;-6
16;12;-3
-2;-35;9
-14;7;-4
7;113;12
35;-50;-36
-32;-28;27
8;-20;-7
5;-1;3
2;9;-1
-5;15;-3
-3;-20;-2
7;-9;-1
14;15;2
16;3;46
-20;-18;-22
-17;60;-17
20;-68;-52
-31;33;49
-5;-88;2
21;87;-9
34;33;17
-66;-50;-53
9;31;67
23;-8;-14
-53;0;18
49;-38;-47
-28;13;14
42;3;-51
-21;-46;18
82;-115;-115
-41;259;91
-197;-298;-115
47;82;93
183;612;260
-34;-614;-192
-30;83;13
53;11;-37
-42;4;26
34;-2;5
32;-23;40
16;65;-63
-29;-83;-15
8;13;-5
11;-17;10
-14;35;-25
-4;-42;14
37;-8;-2
-12;43;-11
9;-31;17
7;-22;-13
-12;19;9
23;-5;-14
-3;51;11
-7;-55;8
-3;-11;-14
-19;8;-2
17;-3;9
-9;-6;-33
-1;2;-2
29;6;18
-42;-70;4
80;71;28
-62;-9;-32
26;8;-12
-21;11;-11
2;-24;30
7;3;-7
20;35;-16
-3;-50;6
-29;-2;5
7;-1;-4
-28;-25;25
52;63;-49
-29;-30;15
-1;-47;28
-24;5;7
43;46;-41
-21;-20;15
4;-28;9
-30;25;2
-24;100;56
22;-108;23
53;-94;-54
-23;44;-50
10;79;17
-24;3;4
3;4;-36
-101;-104;-59
169;90;71
-46;-9;28
-11;4;-22
-15;-14;22
14;-14;-16
0;18;1
-9;0;4
9;-7;-7
-12;-4;3
18;15;-9
-22;-1;11
-8;2;-24
16;-2;11
-5;-12;12
17;0;-23
-31;7;20
27;-1;-13
-17;-45;0
-10;47;-1
23;-12;8
-18;-9;4
9;-30;-5
3;-14;23
-8;20;-25
22;8;-13
-28;-3;14
11;29;-38
15;-34;61
-62;-74;-61
66;71;31
-41;-15;1
11;-13;-4
-6;13;-1
6;-4;-5
-1;-12;2
-11;15;3
19;-7;-4
-30;2;8
28;-22;24
-1;-501;50
-3;528;-61
27;41;-12
-112;-52;-2
47;14;-52
18;5;15
-36;-43;86
38;62;-41
16;-27;11
1;28;-33
0;-29;14
5;30;-28
-10;-22;1
16;34;16
33;9;-3
-74;-56;5
24;5;-11
-4;-12;48
21;40;-31
-1;32;-31
-11;-23;29
-23;-31;-4
20;24;4
-13;3;-32
15;21;33
13;-2;-9
-30;0;8
34;-5;-3
-52;-42;6
35;68;-12
-5;23;6
-1;-112;20
13;80;-27
-28;-84;38
-6;96;-32
21;21;8
-15;-32;9
25;-11;27
-32;32;-29
-1;8;9
-1;-6;-4
-19;2;0
-11;-5;-3
3;9;6
4;5;7
18;14;-7
-6;-3;0
-3;1;-24
-14;-8;26
3;6;-8
12;4;4
-12;11;-5
-4;-11;1
-5;-2;4
2;2;6
-4;11;0
1;-3;-3
-3;0;-3
2;-4;7
-10;3;0
2;4;-1
-3;4;-7
0;-4;16
-4;-10;-4
-9;19;-5
8;-9;-2
1;1;10
0;-16;-12
-11;-12;-6
-15;18;7
3;7;9
6;16;-2
4;18;-1
3;-12;11
-10;-27;-39
47;-51;-1
-19;22;63
-77;102;-6
85;-95;-10
-56;10;-28
15;3;8
-13;26;18
-12;-3;17
-90;113;1
47;-37;-13
-11;-50;-3
-70;45;-58
114;-76;10
-16;-7;10
17;-131;-9
33;18;89
-89;127;-71
-109;50;115
4;47;-14
61;-127;-68
26;-8;-27
-8;12;15
6;8;0
-1;-12;4
-297;294;-217
322;-278;246
-31;-20;-20
7;9;13
-4;-15;-22
14;12;-1
-13;-9;29
38;-16;43
-27;5;-18
2;9;-28
25;32;-124
-41;16;31
-4;30;-28
20;-77;69
-15;-4;17
-15;36;-36
21;-11;4
-16;-19;-5
7;-3;37
7;9;-21
-19;23;13
32;49;-168
-13;-97;129
-2;-36;9
-9;32;60
-6;57;1
13;24;-3
-7;-79;23
15;-28;-33
-1;37;-22
-24;48;9
21;-2;3
-19;-34;-10
33;-31;-13
-26;6;9
12;35;-5
-13;27;18
19;-26;-19
-11;-17;6
19;-8;-7
-13;20;10
3;10;-14
-6;-11;1
6;-6;2
2;-1;-4
-7;3;-14
0;-14;14
-61;-36;147
50;80;-158
12;-19;22
26;-17;-8
-54;100;-112
47;-50;124
5;7;1
1;-47;-4
-11;-31;-17
2;34;8
12;37;8
-12;-25;-2
12;-79;-19
6;16;-4
-16;122;55
-10;-33;-36
25;-60;-9
-8;4;5
-14;38;-16
13;-12;9
2;-6;4
-8;-6;-7
7;0;2
-5;1;-3
-12;-1;8
1;-24;6
3;56;-14
28;-66;1
26;-12;63
-39;6;-59
-11;20;-10
35;13;4
10;52;9
-52;-90;-43
31;-69;25
60;128;-34
-196;-9;-13
206;-42;-9
-161;-28;43
270;-145;124
30;241;-146
-166;-97;27
-59;115;32
25;-114;-5
-42;-12;27
27;45;-65
75;38;70
-2;-15;-79
-22;-29;31
5;17;13
36;16;-25
-37;-28;-1
-1;11;0
8;-16;20
124;35;38
-63;24;14
-23;-37;-23
-61;-11;-19
150;67;-43
-76;-18;-1
-7;-122;46
-94;-3;-66
74;10;35
99;40;-48
-24;0;-30
-50;-55;70
-37;-27;-26
54;34;20
27;10;-79
-60;-23;60
-56;13;39
112;-55;33
-32;42;-68
13;8;-9
-56;7;-3
46;-37;4
-31;35;-29
-37;-39;-19
65;30;47
-11;-14;-7
-4;1;-1
0;-8;1
-1;7;-1
0;-4;3
10;5;-7
-4;-4;0
-38;-1;3
44;19;6
22;-10;-24
-5;59;37
-64;-83;-38
44;-4;30
-43;36;-80
35;53;17
-8;-26;39
7;-21;-42
33;-22;32
-28;-95;39
-12;32;5
43;72;-19
-30;-10;17
-15;-41;-18
-24;78;-36
38;9;-1
20;-1;-17
-19;-69;9
-14;11;26
-9;18;-8
27;-44;56
-27;33;-44
11;43;-33
-21;-23;7
11;-15;-9
15;32;-13
-4;-56;40
-2;-47;34
3;20;-9
-10;58;-34
12;-26;1
-30;-23;13
26;-30;27
-15;7;-2
13;35;-1
-44;8;-7
-5;30;-8
11;-21;-4
39;-11;-8
17;2;0
-9;6;-3
-21;-58;45
-6;23;-50
33;57;-9
-36;4;-26
8;-3;33
-21;-35;22
12;16;-16
27;-9;-1
-20;6;7
-4;1;5
0;0;-5
11;2;-10
4;-5;-2
-17;4;7
2;-4;-4
5;0;0
6;1;-4
-4;-5;4
-9;5;2
5;-1;-4
0;-1;1
2;1;-1
-4;-2;4
-4;0;3
8;0;-4
1;-5;9
-1;4;7
-3;-9;9
6;0;-16
-18;11;13
23;-14;21
-8;20;-26
19;5;-24
-17;19;-19
-11;-56;29
-5;47;-30
-24;-13;-8
-10;-6;-5
40;33;34
-11;36;-3
-1;-43;8
-74;56;-28
61;-87;40
4;54;64
-9;-9;-59
7;1;-9
7;0;2
-14;-26;-13
-17;15;16
-7;-3;-4
17;5;6
17;9;-23
12;4;6
-1;-24;10
-9;17;-13
22;-4;3
-39;-8;10
-5;-3;-1
9;-3;-1
18;6;-1
-9;23;2
-5;-21;-4
-2;-10;1
8;4;4
9;0;7
-6;20;-27
-24;-18;20
-14;5;-2
9;-6;-2
13;6;3
17;2;-14
-21;-2;11
-17;-9;-1
2;3;0
20;1;1
9;14;-5
-4;-5;8
-17;-5;-6
-1;-2;6
44;27;-10
13;6;-2
-54;-34;10
-41;-13;8
0;21;-1
38;1;-15
3;9;13
13;8;-9
-33;-43;-2
-26;14;4
13;-9;-4
9;26;4
31;33;-8
-34;-24;10
-15;-27;-1
1;14;2
21;10;-5
7;13;6
-5;-8;0
-19;-7;-3
-3;-7;7
-6;14;-9
15;1;10
9;16;-1
8;-25;7
-32;43;26
-40;-6;-18
-13;5;-7
-30;23;-3
29;-60;-23
-55;75;-11
23;-18;36
1;-8;-22
102;-187;-30
28;-13;70
-145;204;3
-103;146;47
2;-161;-5
161;-129;40
-12;-76;-76
-39;44;-55
-41;125;41
-10;-12;1
14;-3;-8
-4;17;-7
1;-6;2
-8;-10;10
10;9;-4
-19;6;5
-2;1;8
40;-19;-16
-28;-28;-7
19;13;6
-24;15;11
14;18;-12
-29;-11;8
27;-9;-16
-22;-13;0
212;-25;-74
-131;17;24
-103;73;77
86;-23;-53
3;-10;82
-99;65;35
48;-46;-58
93;-79;-94
-72;143;83
16;-83;-39
-18;-44;53
-15;31;-5
25;15;-25
-3;-15;-4
-2;-3;-6
8;13;5
-10;2;-3
9;-19;0
-4;8;-3
-9;11;3
16;-9;-5
-20;-1;4
15;-4;4
-7;17;1
-4;-9;-2
10;-8;-2
-13;15;0
16;-5;0
-19;-3;2
5;-5;-4
8;-3;2
-10;4;-9
4;5;-7
-5;3;-24
-4;-39;-88
14;91;88
-15;-80;38
-7;2;11
23;43;-17
-1;-51;11
-5;-22;17
11;40;-12
38;32;-21
-50;-4;3
8;-29;2
-16;-11;3
22;14;-8
-10;16;2
3;-16;2
-6;-15;-20
57;-54;-8
-56;39;-4
13;33;26
43;-14;-79
-35;57;74
-9;-2;10
0;52;37
6;-46;-27
4;-111;-22
-15;-4;8
32;114;-85
-11;48;103
-62;18;124
-43;-51;-62
45;-61;-65
9;-55;-151
-14;116;205
47;-104;-119
-46;-15;-5
-9;91;52
-23;16;9
49;-115;-22
31;-38;-21
-14;60;39
-48;96;32
6;1;1
5;-60;-18
-16;14;5
1;-15;-30
36;-8;13
-22;4;-3
15;-2;-15
14;-16;39
47;-6;-119
-127;110;6
66;-77;59
6;-38;16
-41;22;33
50;26;18
33;-69;-18
-51;35;-29
-4;18;-4
6;-19;3
3;3;-2
-2;12;-5
40;2;-2
-37;-40;11
-87;146;-54
90;-224;-27
29;169;136
-47;-70;-123
28;30;28
70;-34;11
-21;35;33
-23;86;-16
-22;-43;-24
-1;-99;2
10;6;-12
70;5;29
-80;-1;-72
53;38;36
-11;-49;28
-33;-61;-1
84;21;15
-12;84;-9
-53;-25;-68
50;-7;61
8;-2;-9
-9;2;-2
2;-5;4
2;-1;-4
-2;2;1
1;6;4
19;24;-24
39;-3;-56
-57;-4;67
10;-2;0
-2;-23;0
-38;-28;3
13;12;14
39;10;-12
1;13;15
-23;-26;-22
-10;-11;4
12;23;9
-4;8;-4
10;-6;-18
-6;-9;9
-4;2;21
0;14;-19
-10;-19;2
11;-10;-30
-2;-11;34
37;14;-2
-5;24;-34
-2;-25;26
16;-3;-4
-24;-1;-10
9;-47;56
6;-14;-105
-50;178;97
-30;6;-67
84;-163;58
-61;50;-66
-9;-12;44
40;-26;-16
-20;29;29
16;-27;-15
-19;37;-9
14;-18;-22
-16;57;67
-18;-15;-19
23;-57;-21
41;27;-64
-57;63;77
41;-59;9
28;22;-35
-29;-84;-36
-47;83;26
16;8;29
22;-46;-21
-12;-16;31
30;47;-1
-45;-142;-94
-27;116;38
122;54;64
-157;-39;-65
134;12;22
-26;-4;-16
-24;-44;7
31;-37;23
-11;45;-7
-6;7;-42
11;-54;-9
-12;51;10
143;-72;-7
-75;-65;44
-38;60;-10
2;-23;-17
-3;23;-11
-25;9;80
-22;85;-56
7;-14;7
0;-13;2
3;0;-5
-6;9;-5
6;-3;-4
-5;3;1
45;-87;26
-78;43;-37
-162;-243;-209
-59;31;-79
442;325;407
-180;-78;-240
40;-14;139
-38;-44;-24
15;-7;-9
-14;-16;17
21;9;-6
-1;-3;-51
182;48;44
-145;-66;-28
-24;9;27
-54;9;8
22;6;-3
35;6;-6
-2;7;-3
-30;-13;11
-8;-2;2
16;6;-6
16;6;0
-17;10;0
-9;-1;-2
7;-1;6
4;-11;3
-5;10;-9
-5;0;0
-1;9;0
8;-14;3
-3;6;4
-3;-4;-2
-2;19;-4
-19;-11;1
-27;-7;11
17;9;-3
62;28;-13
-37;-80;-31
-21;63;27
-51;-20;14
23;-6;3
69;49;11
-48;-22;-10
-22;-40;5
111;34;-10
-50;44;1
-21;-103;-82
-98;213;154
-20;55;10
126;-262;-77
-9;69;-36
28;-25;17
-24;1;6
-4;-22;-15
7;19;1
7;-13;-7
-24;39;-12
11;-47;18
-5;2;0
14;3;-1
9;1;-2
-2;3;9
-9;-17;4
-9;4;-3
17;8;-2
1;1;-7
-6;-7;4
-7;-11;12
3;-5;13
-9;28;-12
14;-13;-4
-22;-2;-3
7;11;0
21;-8;28
11;-5;0
-15;7;-20
-14;-13;-17
-6;15;-16
30;-25;20
-25;29;-48
-10;-12;37
10;21;-4
9;-21;17
16;19;-11
-21;-17;4
-16;8;7
10;-18;14
16;5;-8
-14;0;-2
3;2;14
-15;27;-30
16;6;10
-15;30;-10
-24;-57;27
-37;20;6
12;125;-78
4;-83;5
-58;-23;81
82;-23;-5
-71;52;23
40;35;2
-73;46;-58
35;-95;27
62;-59;-5
4;6;-2
-63;76;35
26;-15;32
-122;61;-29
13;-25;47
-16;2;-26
-16;-13;-64
103;-111;22
16;-69;-19
-65;138;-13
-40;40;7
-2;-44;38
11;21;-12
49;-22;-47
-81;-13;8
58;16;63
13;-16;-34
-21;14;8
-4;48;1
0;6;2
14;-38;6
28;0;-11
-6;2;8
8;-11;-12
9;15;-13
9;-5;2
24;120;-52
41;-85;22
-44;-54;10
20;-3;20
-4;-11;-14
23;12;-8
7;8;11
1;-49;-30
6;-4;0
-21;15;18
27;-37;3
38;87;-46
-19;-186;80
1;105;-47
-29;-4;-30
-7;61;-185
359;-183;809
71;509;-543
-325;-490;-118
-87;3;72
58;113;-1
-149;98;-154
141;-234;233
12;96;-80
64;-13;-34
-65;214;-48
-101;-175;16
-49;-64;85
219;304;49
-113;-483;-24
-11;515;-113
24;-253;34
28;-133;27
-20;68;-7
-21;30;-14
-13;-12;2
16;-3;-1
-12;-12;-10
51;48;58
-73;-106;-102
-55;19;-48
94;21;87
19;10;1
-8;-4;-11
-18;-49;55
16;37;-45
11;-31;11
-69;12;3
32;7;4
-24;-22;-37
-7;19;7
26;-10;4
-46;-68;48
17;43;-56
10;-16;19
-26;41;1
31;-35;-14
-11;-8;7
16;16;-27
18;23;12
-37;181;-40
-45;-225;58
15;-7;-19
18;-8;5
-24;-7;-13
-5;4;14
19;-7;20
-6;3;-4
-7;-2;2
-8;10;-10
8;-3;-17
-1;3;13
5;-10;-16
-15;13;8
7;-13;4
1;-17;26
16;1;6
-29;38;31
25;-51;-51
33;26;11
-142;36;-140
97;41;107
52;-34;0
-28;18;-44
-36;60;-38
106;-13;151
-59;-5;-49
51;-47;23
-71;72;93
13;-8;-84
43;29;-42
-27;-71;13
-5;58;-37
-7;-8;-11
4;27;-13
-19;-17;44
-11;-63;2
-8;40;21
50;-30;40
5;23;-11
-20;45;23
14;42;-68
42;35;-35
-102;-93;29
48;-32;-3
-16;38;31
13;26;-16
-4;-14;0
-2;7;0
-11;-4;1
19;6;-1
0;-5;-2
-16;1;4
3;-1;-1
10;3;-2
-6;-1;-1
-32;23;6
11;-1;9
31;-7;-16
-25;-3;24
87;-28;-8
-83;-38;-3
-44;72;59
44;-5;-63
38;49;-27
-36;-56;37
14;-1;-27
-27;24;26
-16;11;-19
-1;7;34
-17;1;4
4;-26;-4
70;24;44
-49;8;-34
-43;-39;-72
39;-8;37
-5;87;-42
-19;-44;73
28;-22;-21
-38;1;5
11;-10;-11
-10;38;14
-15;-7;9
26;-35;-22
-6;5;-2
-10;23;13
-26;16;15
-1;6;-15
7;-2;12
-2;-6;2
2;-3;-1
3;-13;-12
31;-34;-19
-36;9;19
23;6;-8
2;14;1
-3;7;11
5;7;-7
9;8;-7
-7;-37;1
-9;-20;-31
-26;61;54
24;-16;-64
63;-86;-26
-152;101;149
150;-23;-122
129;-68;-30
-63;70;-41
-113;1;95
-109;91;95
-52;-122;-55
32;38;6
92;-75;-25
-50;54;1
-27;83;-11
21;-1;-3
-43;32;10
30;-28;12
20;-39;5
5;-28;-23
-7;-2;-11
39;-54;25
-14;33;-5
-20;14;-8
-2;-22;-29
-9;32;27
12;37;21
6;-16;-7
27;-61;-8
-21;-47;-12
-7;57;-19
-10;22;23
20;-10;4
-21;-10;9
12;-22;-30
-22;52;27
18;26;-7
0;-50;11
23;-47;-27
-45;38;-1
17;41;99
-34;-39;-81
27;-11;14
-18;-25;9
18;31;-20
7;8;-5
11;21;-71
-20;-23;68
1;2;1
7;-5;0
-16;6;-20
7;-3;15
5;-3;0
-1;5;-8
-9;8;-11
9;-14;-14
-4;-28;29
9;29;5
-13;-10;35
1;11;-46
-4;6;7
8;-11;3
5;-2;1
-14;8;6
1;-2;-14
12;-3;2
-13;6;0
2;-5;1
1;6;-3
-1;-3;9
-10;14;-14
-5;-18;7
30;-5;-3
-29;-26;-2
14;32;-2
1;3;-6
-10;-7;8
4;-6;-5
5;11;-2
-4;-4;5
-2;-1;1
7;-10;-7
-9;8;11
-2;-9;-15
2;8;2
17;-23;16
15;-26;-27
-518;44;-255
513;-21;276
-8;25;-9
-15;25;-6
121;17;0
-68;1;6
-108;-148;-45
121;117;39
-22;-10;-29
-24;9;46
21;23;23
19;-31;-69
-8;-1;4
-34;-30;44
-22;6;-3
41;58;5
-22;-94;3
-34;124;-63
64;-67;119
-17;-45;-90
27;34;-27
-21;-37;-36
9;84;74
58;-62;-18
-11;13;-19
-61;-18;22
54;11;-24
-5;18;-2
-19;-2;13
19;-18;10
-9;12;-20
16;9;5
-15;-33;1
-9;-20;29
19;7;-8
-22;-30;-16
6;7;3
29;30;-24
0;-5;3
1;-32;2
27;4;2
20;32;-2
-23;-37;-3
-6;7;-4
-1;-31;-10
12;-2;-7
-12;35;-7
13;-48;-11
19;28;20
-28;-38;-1
8;25;-9
-46;-56;32
30;34;-20
22;19;-11
-28;-26;12
2;26;-2
14;12;-20
-1;-6;5
8;-21;15
-15;4;-2
7;13;-11
6;2;-10
-8;-3;1
-6;-31;12
-8;-10;9
23;14;-9
-15;16;-13
10;-21;-4
-17;-21;22
14;-12;-2
-11;37;-12
-15;-31;8
0;14;2
17;-15;-10
22;24;-12
-4;-55;-114
-7;71;113
6;-17;-4
-25;-7;2
-2;-31;14
11;23;-5
-16;-10;-7
-15;25;24
31;16;-12
-8;-76;-20
22;16;6
-22;19;10
-14;11;-18
1;-21;-8
29;6;9
-19;-9;14
-3;5;-3
-3;3;0
15;-5;-11
-4;-4;6
-11;5;1
6;0;3
-3;-2;-4
8;-4;-1
-8;1;2
-6;6;2
12;-8;-4
-10;4;-2
9;-3;0
-7;0;1
-4;2;1
12;-6;-1
-12;5;-2
13;-6;1
-15;6;3
5;3;-3
7;-18;14
1;8;0
-14;3;-15
5;3;-2
-6;-4;4
5;2;-5
-2;0;-2
-6;7;-15
-13;-41;32
44;37;0
44;-68;2
-70;64;-2
2;-25;-8
-15;30;-34
4;-15;-4
-24;-11;-14
46;-6;35
-22;-5;15
2;-10;2
-5;17;-13
47;26;11
-35;12;-20
-19;-78;36
38;46;-47
-28;5;15
15;-16;1
-25;40;2
21;-34;1
-13;9;0
23;9;2
-8;7;-10
2;9;3
2;-41;2
-19;9;-3
12;9;4
16;-1;6
-37;12;-5
34;-3;3
-55;-30;-12
8;3;5
-6;23;6
3;17;1
-5;-17;-5
39;-34;0
37;63;-21
-42;-52;15
-1;-4;-13
25;-13;7
-18;21;5
-35;7;12
-2;19;-14
4;-30;12
4;21;-5
27;-7;-21
0;-4;18
-16;13;-1
-7;0;1
4;6;-4
-1;-9;3
15;5;-4
-11;3;0
-10;3;3
8;-3;-1
7;1;-5
-2;-5;4
14;7;0
-2;1;-7
1;1;4
-15;1;5
-6;1;2
-3;3;-1
15;-5;-4
-5;6;4
-12;7;2
1;2;-1
10;3;-4
-1;-5;2
4;1;2
-8;4;1
-6;10;-2
8;-3;-1
1;6;-3
-5;-6;9
5;6;3
-6;3;-9
-5;1;3
5;4;0
-7;12;-3
3;-4;8
-5;-2;0
2;-4;-3
-89;-164;29
145;243;-9
-24;-110;43
-31;-19;-68
-14;64;10
7;40;-61
7;-50;52
11;11;3
-28;-47;7
14;81;-26
-62;-34;28
88;-21;42
-45;24;-49
-12;24;-1
-13;-59;18
-17;109;15
-70;-22;43
190;-83;-137
-109;99;82
-42;-90;122
-9;86;-70
-6;13;-66
73;-80;-18
4;10;-5
-72;46;45
-37;6;0
52;-64;-41
8;100;-23
-3;0;93
15;-63;-8
-73;37;2
-79;51;-26
0;-49;22
112;-171;-47
33;28;57
-134;193;-52
-8;11;63
24;-144;-37
79;-147;32
-9;93;-15
-125;219;-37
2;2;68
53;-241;-11
28;-98;-37
-63;181;-11
9;-66;14
4;77;1
-15;-10;11
2;-13;-2
13;0;-15
-5;7;-2
-16;2;25
147;-201;108
-121;187;-120
-21;22;3
-1;-9;-3
12;6;-6
-7;-10;-3
-1;-4;1
9;9;1
-25;-1;3
29;2;-7
-21;-3;5
3;4;-4
7;-5;2
-16;-2;1
23;3;-7
-23;0;11
10;-4;-12
5;-8;6
-13;4;0
20;4;-5
-21;-8;9
10;12;-20
-3;-5;14
-10;6;-8
16;-2;0
-17;-4;7
14;11;-15
-8;-9;12
5;2;-5
-1;-5;-7
-326;-186;142
278;168;-225
70;-22;54
68;153;-49
-65;-18;111
-14;-72;35
19;-24;-11
-9;-1;-41
-20;-4;-10
3;13;-6
9;-62;169
-38;68;-174
29;25;3
-5;-28;-13
-4;-2;5
17;-12;-3
-27;40;-15
8;-28;23
10;18;1
1;-36;10
-15;-7;-1
5;39;22
7;-22;-25
-1;-13;-1
0;-14;4
-1;-28;21
20;-48;-17
-14;-32;-4
-11;75;-11
-14;56;-16
1;-18;-8
-11;18;-1
-36;-6;13
34;-35;5
4;1;0
14;-7;0
5;-12;-3
-21;17;-3
-3;22;1
-8;16;18
-5;-13;4
25;-16;-26
10;-4;6
-31;13;11
6;14;-9
10;-5;0
-1;-18;6
-6;6;0
13;7;-11
-8;-1;17
-7;-4;-3
12;6;-22
1;0;14
-13;0;7
10;1;-11
12;-1;-4
-19;-5;17
8;8;-18
6;-3;6
-11;2;6
9;-3;-5
-6;36;-8
-27;86;-86
47;-88;125
-28;8;-25
-6;-21;-3
22;-20;-12
-1;3;2
-6;5;7
3;-11;-3
-2;4;-5
7;3;5
6;-40;-20
-21;23;22
11;-12;-27
-12;-15;15
9;17;-13
-15;17;21
-15;-1;-2
32;-20;-5
-18;-17;17
-40;77;-44
56;-43;46
-12;-8;-14
18;26;-16
-10;3;8
4;-12;17
25;-22;-22
-18;-22;2
5;72;28
19;-16;-19
-17;12;-7
-4;-23;-7
-11;-8;7
46;21;-2
-27;-12;-9
23;30;-3
-6;-11;-6
-7;11;5
5;-15;8
11;2;-21
21;9;38
-34;9;13
-7;-66;-84
67;118;68
55;-7;26
-74;-88;-63
-60;-83;43
128;134;1
-58;-39;14
-17;153;-72
2;-68;66
28;-12;19
-15;-113;-41
-9;89;-55
-24;-138;-65
15;131;90
32;-48;18
-65;43;-26
85;-29;-27
-302;15;-129
252;-47;108
47;21;98
-39;-78;2
129;-210;-100
-55;322;54
-18;-19;11
-5;-11;-6
-6;-14;-2
31;-10;10
-195;135;-87
199;-64;44
-44;-99;47
14;0;8
-17;19;-30
14;28;17
2;4;-7
5;-12;-9
-9;1;-10
18;-1;-25
-14;27;32
-1;0;-3
16;-14;-21
-17;-47;6
-36;-30;7
20;23;7
-3;36;-6
22;30;-6
-8;-31;6
19;-20;-6
-24;14;3
4;-1;3
22;-9;24
-16;18;-19
5;10;-7
-5;-1;1
14;-8;-5
-35;-23;-3
43;-1;12
-14;-8;-2
6;22;-12
2;20;5
-20;-24;0
5;7;-8
-7;-10;2
22;36;0
-9;-28;-9
-24;-45;6
22;38;-3
-66;-4;54
67;-47;-124
72;52;23
-114;14;97
57;-39;-50
-4;15;14
-40;4;17
-70;-96;-9
131;82;16
78;-74;-3
-145;115;-61
24;-32;50
31;135;-29
30;-84;-41
-9;42;70
-63;-138;-17
51;-64;-1
-2;53;-14
-6;96;42
7;-14;-44
-5;-43;-14
-8;-69;-34
64;-47;75
-41;78;-88
57;60;112
-99;11;-118
-17;-120;40
27;22;50
22;-5;-30
33;53;-28
42;-112;44
-76;31;-22
12;51;-9
-9;-9;14
-3;10;-58
-18;-43;30
-18;-59;-34
-19;70;-20
61;18;17
5;-34;51
-6;40;-20
-6;-19;4
18;21;13
14;-32;-31
44;5;28
-70;16;7
-25;-13;1
20;0;-13
17;4;0
-5;2;20
-20;9;-13
7;-8;-2
22;1;-7
-16;-4;4
-13;7;3
-7;-5;2
16;2;-2
-4;8;-7
2;-4;3
-8;4;5
4;0;-3
1;6;-2
-1;-5;6
-4;6;-1
-10;-6;5
-16;4;-4
-25;-4;9
1;8;-5
23;-4;-4
37;-7;-11
21;4;6
-47;-26;-1
-5;6;-1
36;-20;-10
-2;-17;-11
820;-509;721
-649;605;-558
-348;-188;-226
4;-18;-32
87;-5;32
22;94;82
2;42;-17
-18;-30;-107
95;10;115
-17;-17;-10
-53;25;2
20;-4;-5
11;-9;-13
21;-5;5
-18;0;15
-19;11;-1
16;-11;-4
16;-6;0
-18;8;2
-7;-3;7
8;1;-11
6;-3;-11
-10;2;7
-3;5;0
10;-11;3
-1;4;-1
-7;0;3
-2;-1;0
5;0;-4
2;-6;4
-7;10;-2
4;-9;9
-1;2;0
2;-1;-7
-8;3;-3
0;0;-3
7;-4;-3
-5;4;3
-3;-4;2
0;-6;16
0;-11;8
4;14;-15
-5;2;-12
-3;5;-3
9;-4;-5
-8;-3;5
-1;11;-19
2;-4;5
0;-6;7
5;1;9
-2;-1;-2
-4;-2;2
1;0;-3
0;2;-1
-2;-2;1
-1;-2;2
-2;2;-1
-5;9;3
28;0;-19
-14;-10;9
-11;37;-13
-4;-42;14
-32;-8;12
30;9;-5
21;19;-8
-26;-6;-12
12;14;20
-24;-4;-61
49;-4;36
-18;9;-8
-27;-2;21
-23;0;-2
-13;-34;17
57;1;-11
18;16;-19
-5;9;8
-19;-10;0
-9;-13;4
13;-16;8
2;25;-16
-19;-11;76
10;-5;-72
15;-6;-13
-19;2;11
3;1;-1
-4;-2;0
1;1;3
0;-2;-5
2;-3;2
5;10;-6
32;11;-7
-125;-81;-58
48;12;75
14;52;-5
7;30;16
18;-2;-12
13;-2;-2
7;-23;-3
-32;2;8
0;12;-4
10;-1;0
23;4;-3
-36;11;10
-1;1;-4
19;-17;-7
10;18;1
-51;-30;12
-23;-6;4
35;97;-11
-562;-538;696
526;449;-718
106;85;-18
-59;-16;49
23;-33;51
-72;-3;20
40;89;-64
-13;-14;7
5;10;3
13;-90;81
23;60;48
-35;36;-98
-15;-11;-31
-24;-16;1
12;21;-3
14;-3;-7
-10;8;-14
-13;-19;6
-9;20;-11
22;-14;22
0;7;-2
-15;-16;10
9;0;0
1;12;-7
3;-3;-8
-7;-3;3
-1;-2;-3
10;1;4
-3;4;0
-3;-9;0
-3;3;4
0;0;-10
10;1;8
-7;11;-11
79;62;-80
-202;-27;173
120;-49;-109
-30;7;56
24;-39;-37
-13;26;11
1;-17;-10
-9;-49;22
-96;322;120
148;-280;-95
-84;96;-26
11;-29;-6
-3;8;-10
-33;-45;-37
44;-4;30
-22;-40;-33
9;-12;36
3;-28;31
-74;222;-34
-66;-15;-8
227;-213;113
-165;13;-3
-46;41;-80
45;29;12
-10;8;-12
-7;10;2
1;-4;3
12;-11;-6
-2;0;0
-18;15;5
24;-8;-1
-22;-11;4
35;41;101
-39;-50;-100
16;18;-1
-12;-10;8
15;10;-20
-1;2;9
-12;1;-2
12;-12;-10
-7;-3;15
-2;11;-11
7;-2;2
-10;-12;4
8;9;-13
-2;-5;16
-3;4;-13
3;-2;3
-7;-3;6
5;5;-14
-5;-8;17
4;6;-13
0;-1;8
-8;0;-1
12;1;-2
12;-27;38
0;18;-26
-28;13;5
24;-9;-25
-18;2;23
9;14;-26
-4;-15;11
-9;8;-11
34;-32;-53
0;23;21
-159;-387;19
150;382;22
-26;-2;-13
0;-17;-7
16;4;7
-23;3;-48
20;24;-55
-42;-27;60
58;45;34
28;-14;24
-60;4;14
33;-28;66
-14;-1;-56
12;35;-28
-15;-50;-37
1;29;23
-5;0;-18
28;52;-29
14;-39;40
-25;-2;-10
8;-12;24
-10;-46;29
17;21;-32
16;-4;42
-39;66;-38
33;-28;-10
-8;-61;-2
-19;50;-6
10;79;-17
-37;-100;8
52;71;-22
29;-100;32
-13;35;24
87;44;32
-136;-44;-62
5;55;-24
-10;-31;56
32;21;-29
-46;81;160
101;-94;-155
-41;-10;-1
-25;15;3
31;-24;-23
-6;10;26
9;-8;-4
-8;-19;-11
8;2;-7
-52;13;54
91;-53;-72
-45;35;-4
132;85;36
-124;-53;40
88;26;-61
-69;-94;-15
-35;56;-14
50;-30;23
-1;9;2
18;-2;4
-4;-27;-23
-21;13;15
22;30;1
-7;11;9
-30;-21;-4
16;13;-1
1;25;17
19;-4;-32
4;-42;38
-52;-6;-34
-3;-33;4
-7;6;-5
54;32;9
-3;36;-8
-12;-42;32
11;-31;-20
-4;82;5
-10;-35;-14
7;5;5
-3;-31;-6
-38;12;-15
32;-4;2
27;9;7
12;-29;12
-26;95;-4
17;-101;-8
-39;-47;-1
32;88;5
-7;10;-6
28;-15;16
-48;-38;-28
-9;30;38
22;-7;-47
-12;-51;-7
28;112;14
225;-10;27
-263;-71;-18
-19;-35;-89
7;45;34
110;-34;58
-60;11;-2
44;43;61
-15;-34;-22
1;4;-49
-74;-3;19
65;-12;-20
18;2;-11
2;5;20
-42;-59;-40
33;33;43
-48;-33;-42
37;5;-20
12;23;25
4;-51;-25
-6;21;18
15;-37;-35
-13;-4;53
4;30;-6
55;3;68
-72;-38;-95
-187;-12;-183
192;16;186
-28;0;-10
29;-27;16
-10;-2;-8
14;3;-2
-35;17;-1
22;-14;7
-10;1;4
20;-5;-5
-23;11;4
0;10;-1
2;2;-1
15;-16;-9
-30;19;-26
12;2;29
-8;-2;1
40;-28;-4
-13;26;-1
-11;-2;11
-11;4;0
19;-8;-8
-3;7;0
7;-5;3
-22;7;1
14;-4;-3
-8;3;4
12;2;-5
-10;1;1
8;-2;-3
-18;4;2
19;2;-3
-17;-2;1
-6;2;3
-10;11;1
34;-16;-11
6;-5;-2
-23;5;12
-23;2;6
5;1;-1
35;-12;8
17;-13;-1
-15;8;2
14;-9;11
-16;4;-1
-1;33;-8
14;24;-17
-24;-56;-17
7;10;24
3;49;-30
-22;-52;1
-7;17;6
13;-18;24
1;8;-2
5;27;-11
-13;-56;5
19;32;-5
-18;-14;-1
8;12;1
-5;3;-11
22;-3;9
-33;-3;-2
17;12;10
-20;-26;-6
-21;5;12
-9;14;-1
12;-8;-8
30;-1;-8
24;-15;3
8;17;-12
-10;3;11
-10;-9;-4
9;1;-1
-3;3;-3
-14;11;5
-1;-7;4
3;8;-9
-1;2;8
3;0;-6
-5;2;4
-6;11;-2
0;2;-8
7;2;7
-2;10;0
-6;3;1
-14;-20;13
-2;13;-6
12;-25;-5
4;42;6
-18;2;5
-22;-8;6
7;-69;-141
2;108;123
29;-28;25
-22;5;-15
-57;23;59
-38;-13;-29
89;2;-84
-37;40;95
-38;41;-25
28;-79;-25
64;-21;18
-88;70;-32
-16;-24;31
-28;50;29
-82;17;-64
-21;-17;72
62;-2;65
-14;57;-114
13;-80;69
24;-47;-56
17;-97;29
10;5;1
1;111;-9
-70;101;-6
-36;-90;38
57;-94;-43
-28;60;13
13;10;-1
-8;16;7
-6;-25;-3
3;-8;-6
11;-1;-1
-15;15;7
14;-7;-2
-7;-11;14
25;17;13
-116;-63;28
100;75;-59
-10;-26;-6
-1;4;-6
-1;13;-2
-1;-1;13
-3;9;-12
18;-40;-5
-12;-15;-5
12;28;1
-14;-9;42
119;41;-59
-139;-13;8
54;-32;7
-94;22;-36
58;46;60
8;-6;5
-12;-46;-11
17;-22;-21
-7;50;15
-7;15;9
32;15;2
-8;-66;-28
-47;-9;25
31;47;2
-7;-1;-9
7;-51;-16
20;-28;-5
-31;40;8
16;52;8
-19;29;9
14;-46;-15
12;-38;-7
-11;19;-10
1;21;7
-10;10;6
21;-19;0
-13;-6;2
20;0;-8
-13;13;14
8;3;-4
0;-9;6
116;27;70
-155;-15;-142
50;-19;51
26;-34;10
-59;55;5
9;8;-26
116;41;-55
-98;-126;35
-17;54;19
-35;37;106
28;11;-71
-6;-46;-13
46;-81;78
-27;96;-65
-4;-11;14
7;-8;-40
2;1;-1
7;-13;24
-24;28;0
14;-47;-18
10;43;-45
5;74;71
21;-80;-25
-52;-22;16
25;39;-26
6;-36;55
4;-3;-51
-16;28;7
5;-20;5
-6;15;0
84;8;-6
-191;36;-47
53;-92;-78
100;42;134
-33;-24;10
-3;40;-40
-21;-28;-29
26;39;43
1;-32;-6
-12;14;11
-5;5;-18
-29;167;39
19;-126;-15
13;-35;-5
16;-101;-36
-27;80;41
33;39;14
-57;-11;-35
45;-41;11
-7;-13;-11
-8;28;17
-9;41;4
5;-49;-18
14;-21;-4
-9;41;5
-9;2;1
-9;-28;-9
40;24;-17
-36;44;25
13;-49;-5
4;-6;-13
13;-3;10
1;-17;6
-15;24;-6
4;35;-27
-21;-22;26
9;-37;-1
-23;15;7
70;48;29
-45;15;-57
32;-65;-10
6;-20;59
-2;42;-42
-13;-23;16
12;-1;-5
1;1;2
-10;14;-7
39;33;15
-27;-55;-23
-25;8;8
26;-9;4
-20;-12;-5
13;28;-5
19;-10;11
-5;-6;0
-24;0;-6
3;4;-11
1;-2;14
-9;-11;-2
42;74;54
-17;-33;-68
9;-13;-1
-39;8;12
70;2;31
22;-80;-63
-3;60;8
-52;-4;16
73;1;-4
-109;-99;-115
96;38;24
48;7;53
-56;-35;43
-94;17;-49
180;31;17
-11;-2;-14
42;-4;-22
-101;-52;51
117;46;54
-216;-124;-96
92;79;5
-50;-69;-108
12;-2;105
64;133;28
23;-91;7
-74;-52;-98
37;23;54
9;8;1
-8;-5;5
-1;-2;-5
30;14;18
-6;-23;-38
-17;-6;30
-19;22;8
19;-14;-30
12;1;7
-8;-8;12
-35;8;6
18;-4;-7
19;20;-12
4;-3;1
-27;1;9
0;-9;2
10;0;-3
2;0;0
-5;22;-5
-1;-4;0
5;-11;7
-6;-6;2
-1;13;-2
2;10;-5
8;9;-6
-9;-7;5
3;-15;11
-11;4;-3
0;7;-7
-32;9;13
0;-1;-4
38;2;-11
10;8;-42
-13;-13;31
-11;-1;9
-5;3;-2
31;-1;-4
-3;-3;9
-10;4;8
-5;4;-8
4;-7;1
2;3;-1
3;0;2
-9;-5;7
5;6;-9
-1;10;-8
-1;-13;1
-19;18;-36
27;-8;-18
-21;-2;42
6;5;-12
-10;-4;-4
-7;-3;5
-8;-6;24
24;-4;8
19;-7;-3
-1;27;11
-29;-28;-3
5;16;1
15;-2;7
10;-3;-3
-6;-2;31
-3;-21;60
-11;20;-57
-2;-18;-44
7;44;-42
10;-13;2
-47;12;-6
-47;0;33
16;-12;7
60;1;25
42;-17;-27
16;-7;20
-26;7;-7
25;1;-27
-45;0;-1
-50;-2;17
22;9;-18
-36;-37;-29
111;36;-3
-54;10;37
-37;-12;23
-4;6;-10
52;-22;19
45;35;-12
-39;-29;-6
-58;5;-8
8;7;1
17;-1;-5
37;14;-6
-27;-3;2
-29;-7;-5
11;11;14
-4;12;1
-6;-18;-9
-16;-62;17
25;76;4
-11;6;-29
-15;-33;42
16;28;-4
2;32;-8
28;-62;204
-56;26;-202
-4;14;3
38;-34;19
-12;0;-30
26;57;-22
-36;-28;20
-10;-20;0
92;176;-45
7;-125;22
7;-11;18
-79;-22;1
-72;-21;-20
35;56;53
21;-14;-27
48;-76;-11
6;45;-13
21;24;6
193;-220;86
-232;156;-77
7;25;-48
-17;11;38
-43;-30;7
27;27;-7
67;-17;-38
-10;21;19
-38;-13;22
-26;-32;-2
10;31;-4
48;6;0
-29;-22;2
-30;11;0
7;3;0
6;1;-3
-3;2;3
-9;-3;-1
7;-3;-4
12;11;-1
4;3;2
-10;-1;0
-4;1;-6
12;5;3
9;0;2
-20;-5;7
-14;-7;-1
2;11;-5
1;-5;0
-37;-25;1
-12;0;13
19;31;-15
67;-2;11
21;23;-23
-44;-14;14
-34;-1;2
-1;-45;-51
41;87;20
73;-5;16
-52;-69;-1
-46;7;47
-44;-8;-35
-289;971;428
366;-878;-410
35;-78;65
129;246;-220
-217;-252;158
-50;0;-15
-73;8;123
172;-43;-183
3;60;48
1;78;-19
-81;-74;59
84;-120;-69
34;-51;96
-53;168;14
27;8;-119
-188;98;109
53;-79;-2
-42;24;-25
136;-104;-19
-10;110;-41
-8;-76;13
20;-56;-9
-62;118;10
-11;39;58
20;-6;-45
-30;-71;17
-26;-16;-30
7;21;21
34;31;0
48;-6;-37
-22;-45;-5
-89;18;18
-39;58;38
47;5;39
-25;11;-36
28;-170;-18
-1;98;-34
53;-11;36
-54;105;66
-25;1;18
-107;-44;0
-32;-32;6
73;-50;-61
112;-13;-143
17;-11;67
-91;36;59
4;8;-2
-1;37;4
15;-24;-6
-12;-21;-5
-10;-3;1
12;16;8
-4;17;19
-54;-2;24
60;-43;-36
-21;25;-17
9;4;9
4;3;-1
4;-16;-9
-5;1;13
22;6;19
-3;-28;52
5;9;-12
-8;13;-26
3;-2;0
34;-117;-41
-21;138;-33
-36;-4;-4
7;-11;20
-4;6;-17
6;22;8
-24;-17;9
16;-8;-28
-4;-14;11
16;6;15
-11;27;4
-4;-29;-8
8;-9;-17
-23;11;9
6;-9;1
2;36;-7
8;8;16
-4;-55;0
67;-76;-112
-25;34;40
-33;83;170
-20;-31;-47
-26;10;49
3;93;-24
-20;-58;-69
56;-103;-74
-26;20;54
-1;20;8
-13;14;16
6;0;-13
4;-12;6
-5;2;0
-3;6;3
-7;22;5
3;-12;3
-13;-11;9
33;-17;-30
-23;0;10
23;-17;-10
-28;30;17
-3;15;-5
13;-17;-1
5;-20;-10
-6;6;-15
28;6;12
-12;-31;24
-26;111;-39
10;-120;15
24;35;38
1;113;-1
-16;32;-45
-24;-160;-32
11;21;8
54;23;92
-36;105;-87
40;-215;28
-41;114;-22
-25;121;-105
66;-159;96
-36;31;14
8;-27;6
-4;6;6
12;29;71
2;16;-44
-16;-16;-17
69;31;18
-23;-104;-22
-26;101;1
9;-110;-12
-4;106;-7
7;9;-23
17;-39;-4
-14;-36;37
-28;-6;11
19;20;-15
24;54;9
-26;75;27
15;-84;-31
-10;-65;0
6;19;-20
0;35;34
19;-25;-19
-11;2;-18
-20;-4;28
19;-19;-24
-23;86;34
21;-71;-12
13;-16;-32
-41;52;11
39;-34;5
14;6;-17
-52;42;32
47;-73;-22
-17;49;4
-2;1;-17
22;-39;26
1;-17;4
-22;-23;-30
-72;50;22
68;28;-45
23;13;51
6;-55;-17
-13;31;0
7;-6;-4
5;12;9
-39;-199;14
176;183;70
-144;35;-89
42;-46;-19
13;21;22
-17;-24;1
-48;-63;3
60;91;-25
24;-9;41
-27;-39;-38
-9;1;-3
-10;16;6
19;-2;5
21;-42;-3
-102;85;-61
35;23;104
-15;47;-18
30;-175;-29
61;2;10
-77;42;-48
-16;46;66
35;-1;-45
-25;-8;17
-18;-99;-4
-37;169;-42
188;-231;-35
-124;138;91
-36;-57;-28
82;50;42
-4;66;-20
-33;-44;-28
-16;-15;20
8;-11;17
14;8;5
10;40;-9
-21;12;-59
5;-68;31
-21;-19;13
-15;-31;2
19;56;5
4;80;-23
27;-47;24
-33;-53;-2
-6;57;14
47;-37;-59
0;-52;-6
59;-5;27
-167;138;57
5;0;2
3;-9;-42
79;-117;3
-3;24;-18
40;-39;-21
-133;139;42
32;-39;40
-12;-2;-22
51;-47;-47
-35;1;52
-15;2;-21
2;-34;12
27;47;-19
-26;5;9
14;-2;-10
11;-6;4
-16;3;3
2;7;-2
10;-4;2
-7;-1;-5
4;-4;-4
-8;3;13
8;-3;-17
-4;-3;1
15;-9;7
-18;29;-7
5;-25;-34
19;-30;64
-8;-23;-8
2;126;-37
14;-52;19
-21;-55;-2
-8;19;-3
7;27;8
-14;-39;-5
77;-16;-89
-71;55;65
45;19;24
-35;-61;7
8;62;-2
27;-37;-35
-22;53;33
2;-57;-10
-67;21;-1
122;-47;5
-58;-7;-31
-30;-19;8
23;108;35
-4;-11;-21
5;-68;11
10;41;-22
-6;-88;9
-14;50;-6
-7;8;-13
60;27;10
-32;-14;-7
-12;-9;11
-6;-17;-31
3;91;22
16;-74;17
2;-9;-13
40;87;-8
-63;-130;-12
17;43;30
-1;28;-1
39;-1;-21
-51;-55;11
45;39;4
-46;-52;-8
30;32;-21
-13;24;-36
32;35;21
1;-98;51
-12;49;-11
24;-11;-53
-12;-32;49
3;-14;-20
6;46;-18
22;-27;17
-13;-65;15
17;23;-41
-8;12;20
22;-49;-28
-29;7;4
50;7;5
-29;-28;11
-35;-31;-34
38;30;24
-18;-9;8
1;-20;-14
8;2;8
-17;-7;-5
-2;7;-10
14;-4;-3
-4;8;4
-8;-1;3
17;22;-1
-12;-2;-5
21;20;12
-27;-76;-9
-29;46;5
76;18;-8
-55;-23;4
32;11;-4
-16;-18;16
16;36;-16
-12;-6;-3
8;-54;23
-23;14;-21
20;108;25
26;-93;-52
-13;41;34
-35;-32;5
32;46;-5
-15;-6;-6
13;-14;9
-34;-15;5
18;11;-9
-8;-6;-2
-5;-41;7
7;32;-5
3;-8;-11
-4;21;3
7;-35;-1
-6;-10;-1
-7;3;-4
3;11;6
-34;22;9
-6;-40;8
46;-27;-29
22;-4;-1
-63;26;17
17;19;5
13;-36;-20
9;-4;-16
0;12;15
-35;17;13
19;-14;-9
7;-7;-9
0;2;10
-15;5;7
-1;5;-10
10;-12;3
2;-3;-7
-7;6;9
-6;4;-8
-3;-6;4
13;1;-4
-1;-6;1
-1;8;1
-3;-1;-6
-4;-1;-3
2;0;-13
-4;-2;10
3;2;3
0;-5;-1
-3;5;1
7;-9;8
0;1;-1
-4;2;6
9;-11;19
-7;13;-16
8;-7;7
-9;4;3
2;3;-3
5;-11;6
-14;9;-27
8;-3;2
-9;12;-9
8;-15;-7
-17;12;-5
4;0;13
8;-14;9
15;1;-4
-12;10;-2
-15;-7;4
6;55;-6
26;-29;-16
14;-97;44
-47;107;-9
59;8;5
-65;-62;-3
89;107;-15
-91;-25;-45
52;-21;14
-43;-47;23
-55;-78;32
125;127;-12
-89;-80;-26
38;68;7
-17;-5;23
-43;-46;-24
79;9;-7
17;-40;-16
-36;61;19
-19;20;23
-5;-42;-10
13;-11;-13
42;29;-16
-58;0;21
5;20;-7
7;-19;3
4;-5;-11
9;6;7
-13;7;-4
-8;10;3
1;-11;13
9;0;-5
9;6;-19
5;-3;8
-16;-1;14
-1;15;-9
-1;-9;6
12;2;-9
1;5;-5
-2;3;8
-14;-8;8
8;12;-5
-8;-8;0
11;4;-3
-6;9;0
-6;-5;2
-3;4;5
8;4;-6
-1;-6;1
10;5;0
-15;1;-1
-2;5;2
-2;-10;0
7;8;-2
-7;-1;1
6;0;2
-5;5;-1
0;3;-4
2;-6;1
1;6;7
-4;-1;0
3;1;1
4;4;-6
18;11;-7
-3;-8;6
-20;8;10
-19;1;-2
5;-2;-3
7;6;6
-13;7;-8
-14;-21;6
-5;-4;-1
19;17;4
14;15;-10
-12;-18;-1
-11;5;9
-1;10;-6
15;15;-16
-1;2;27
42;-101;8
-116;178;51
19;-154;-83
-5;101;-29
67;-64;1
-93;119;75
-46;2;50
26;1;-55
-4;-39;5
55;-41;-15
3;9;11
-44;31;-30
-29;27;10
29;-53;49
-47;74;15
-32;1;-40
39;-123;2
31;-61;-15
-16;98;14
-56;128;-21
-30;-43;26
26;-87;15
6;20;-22
19;-8;2
-3;6;0
-11;-6;0
0;-3;-2
10;11;1
-9;6;3
7;-22;-8
-10;6;6
72;17;-40
-59;21;68
-5;-37;-20
4;-25;-8
-8;16;4
10;14;-8
-14;5;-2
6;-14;4
2;11;-9
-11;-2;7
19;-8;-4
-15;3;3
6;-3;3
4;-1;-3
-12;-4;3
14;-4;-1
-14;6;0
13;0;-5
-16;-3;3
2;6;-6
7;-7;-5
-25;7;-33
20;-2;15
-7;7;4
3;-8;10
10;-6;1
-6;-5;-1
4;17;-7
-6;20;6
9;-59;6
-19;37;-6
9;-2;10
11;-17;-8
-9;13;-1
3;19;0
6;-43;15
-12;-5;-30
10;6;23
-6;65;-2
4;-137;1
-1;146;7
-39;-15;-25
46;-94;17
9;-5;3
-6;-46;-33
-9;170;49
22;-144;-50
-21;120;47
20;-87;-44
-34;172;-38
36;-13;79
-113;-74;-31
91;-269;38
-30;71;-33
19;-62;125
113;-20;-53
-88;16;-85
27;-62;85
-53;241;41
-11;29;43
15;108;-203
-110;22;44
127;-53;34
-39;-24;14
74;-67;-123
68;-148;24
-67;16;115
-65;188;10
-33;206;-50
34;-144;-77
93;-336;43
-139;271;140
115;161;-181
39;-375;1
-170;206;82
46;90;-14
75;-239;-15
-91;148;115
34;158;-154
109;-280;0
-140;10;51
-17;207;14
96;-35;-20
47;-230;23
-73;-12;-30
-77;205;3
31;100;-23
22;-139;30
-9;-38;13
19;39;-16
-2;-10;-14
-1;5;-3
4;-4;-3
0;-2;-4
-8;5;11
2;-6;-8
41;-19;-8
5;51;-28
-27;-23;40
-26;9;5
11;-26;-17
6;12;9
2;-1;-8
-8;-2;5
10;0;1
7;-9;-5
-9;3;-6
4;18;12
4;-24;-18
-10;16;18
20;-8;-17
-15;9;11
8;-11;-4
24;-20;-6
-29;18;-2
18;1;9
6;5;4
-11;-10;2
24;-1;-13
25;13;16
-4;-10;55
-21;-22;-27
64;46;-46
-46;-59;18
14;-8;-10
-52;-36;-146
-108;197;132
249;-126;27
-64;-78;-114
-31;130;18
3;-64;100
-88;61;-61
88;-57;31
-40;13;-1
17;-7;-6
10;-8;-18
73;14;-26
-74;0;50
-9;-22;-22
-30;-34;-6
73;56;-9
-28;-58;8
-27;-12;55
91;67;-50
3;-70;-34
-38;75;-1
-24;-39;26
5;7;-1
-48;-30;19
65;2;-15
-13;-13;-23
8;-9;24
-1;-14;-8
0;28;4
32;15;-17
-13;-72;5
-26;18;-45
23;9;49
-14;-50;-17
-94;-101;-119
122;120;104
6;-40;-2
27;64;81
-111;-64;-118
71;-6;54
-9;5;-9
-44;-40;-18
65;39;14
-32;-18;2
-9;-2;0
16;-9;-13
-38;-16;-28
27;43;37
10;-29;-6
-21;-9;-1
-172;-158;-122
186;204;128
5;-3;8
12;1;-12
-26;-84;-5
42;68;12
-29;7;-5
-24;-42;6
10;17;-3
16;-1;-16
-19;-7;7
-10;12;9
26;-22;-12
1;2;-3
-21;13;6
9;-5;-4
0;-1;-4
-5;3;5
-3;-2;10
29;-11;-17
-34;4;6
22;3;-3
-25;4;10
25;-5;-12
-21;5;8
20;-5;-8
-26;9;8
26;-8;-13
-11;-5;6
-2;14;-15
23;22;49
-26;-26;-47
2;-10;14
-6;12;1
17;-6;-6
-15;3;10
14;-8;-9
-24;13;7
18;-1;-11
-17;1;12
28;-12;-11
-22;8;14
13;-5;-8
-8;5;0
-3;1;-7
9;7;0
-11;-3;2
16;-8;5
-13;12;-1
12;-13;-2
-16;16;-1
17;-11;0
-18;13;3
21;-11;-6
-18;9;5
8;-7;-2
-6;6;1
10;-1;-4
-8;2;7
5;3;-6
3;4;4
11;8;-11
-15;-13;21
-26;7;-8
4;-4;9
25;39;12
7;-45;-14
-16;-12;-11
-14;19;-5
11;2;5
27;12;3
3;45;-10
-34;-37;13
12;-58;-11
6;41;-11
-71;17;-28
81;9;43
-28;-15;0
15;9;-3
-1;-2;9
17;4;-9
-30;-18;0
-4;24;13
19;-19;-17
-6;11;4
12;14;0
-26;-27;6
22;16;-6
-14;-21;-4
0;9;7
13;-4;-15
-23;-21;6
16;23;-1
4;-38;-3
-17;20;-3
32;-8;-11
-41;-17;13
30;51;1
-42;-73;-4
22;33;4
3;5;-2
13;-1;-16
-39;-51;20
33;56;-9
-67;-14;4
69;7;-17
-43;-52;34
39;66;-37
-47;-57;12
32;36;-16
25;-1;12
-8;35;-14
-16;-30;17
1;-18;2
-40;-5;16
52;53;-15
16;8;-7
-33;-23;7
-2;-42;2
-13;39;-4
25;-16;-2
-39;8;14
5;26;-5
4;-31;-2
16;-20;-18
30;11;-1
10;-11;6
-31;14;6
0;19;-5
-15;-30;9
14;23;-4
-14;-8;2
9;15;3
-7;-10;-6
7;1;5
6;-6;-9
-12;2;4
7;10;-6
-5;-12;9
-1;17;-3
9;-10;-2
-4;-4;4
-9;15;-5
9;-4;4
-1;8;-9
3;0;-8
-12;-4;9
7;0;8
-4;8;-2
17;1;2
-7;-8;0
-5;-2;-1
-84;-3;-12
74;7;16
-8;14;0
19;1;-3
-5;-2;2
5;8;4
-8;-9;3
-5;-2;1
-9;12;-7
8;-6;-1
7;-23;-14
168;-65;11
-159;97;-3
-11;3;-5
18;5;11
-4;-5;-24
39;31;2
-4;-4;-2
63;-7;67
-440;129;272
94;-190;-169
50;122;-296
211;-63;106
19;-15;67
-20;7;-11
-82;12;6
-13;-10;-14
71;12;-3
31;-7;10
-28;19;-7
-119;86;-193
-8;73;86
57;-140;76
100;6;13
-34;-13;20
-80;-43;3
27;18;-9
41;3;-1
22;16;-1
-22;-23;7
-23;0;-23
-15;-1;21
28;10;-6
0;-15;28
-10;14;-27
-16;-14;4
9;3;-4
15;14;1
14;5;-5
-42;48;129
97;37;-273
-122;-82;146
-69;-4;55
3;-16;-100
54;29;41
84;-27;-24
-97;46;71
-18;53;13
-28;-40;-8
57;-58;-58
81;-30;23
-92;69;46
-60;68;-13
112;-108;-43
-87;82;40
-100;9;7
122;-67;-41
-39;29;61
-99;5;-11
184;-90;-102
-92;97;134
-138;8;23
142;-150;-214
-7;97;180
-126;21;28
192;-62;-178
-26;6;49
-69;30;46
-11;8;11
-3;17;1
3;-9;-7
9;-13;-10
-6;4;13
-2;6;1
2;-6;23
22;-25;14
-25;27;-24
1;7;-4
9;-11;-4
-16;1;-10
10;-7;6
10;-7;16
-8;16;-5
-12;64;6
5;-81;-30
4;10;3
11;9;-14
-28;-4;-18
25;-14;26
-22;7;-2
7;14;-3
-2;-8;2
-7;-12;12
14;7;-7
